{"type":"FeatureCollection","features":[{"type":"Feature","id":"SE-2326","properties":{"id":"SE-2326","country":"SE","name":"Berg","labelPoint":[14.37124,62.68067]},"geometry":{"type":"Polygon","coordinates":[[[14.86342,62.67961],[14.91639,62.61326],[14.79478,62.60146],[14.80096,62.54153],[14.8352,62.46766],[14.78034,62.46658],[14.80545,62.41602],[14.55913,62.29056],[14.4588,62.31127],[14.34547,62.30719],[14.18133,62.39726],[14.03028,62.49917],[13.99081,62.61629],[13.87137,62.62645],[13.88849,62.67451],[13.82203,62.71681],[13.67548,62.66831],[13.60539,62.67095],[13.49109,62.71125],[13.42559,62.76231],[13.37912,62.74415],[13.36542,62.68874],[13.46557,62.63463],[13.38721,62.61221],[13.28611,62.61581],[13.28187,62.65924],[13.19413,62.67311],[13.1378,62.71109],[13.05136,62.71039],[12.99996,62.73193],[12.94179,62.71221],[12.93687,62.68173],[12.80768,62.70751],[12.6424,62.70363],[12.48631,62.76234],[12.1301,62.75129],[12.07434,62.90339],[12.637,62.97942],[13.06014,62.97687],[13.25792,63.0441],[13.3523,63.03902],[13.50314,63.0607],[13.6939,63.0609],[13.72208,63.04179],[14.10384,63.06297],[14.21881,63.04203],[14.36905,63.06946],[14.42275,62.99193],[14.42354,62.92147],[14.35847,62.9134],[14.41778,62.83864],[14.48119,62.82144],[14.52558,62.89898],[14.48783,63.00538],[14.59184,62.98459],[14.61067,62.92595],[14.77405,62.90659],[14.81271,62.8211],[14.75168,62.81303],[14.78528,62.75187],[14.87357,62.72431],[14.86342,62.67961]]]}},{"type":"Feature","id":"SE-2305","properties":{"id":"SE-2305","country":"SE","name":"Bräcke","labelPoint":[15.62484,62.86285]},"geometry":{"type":"Polygon","coordinates":[[[16.12809,62.70017],[15.96339,62.71826],[15.59541,62.63461],[15.25607,62.61197],[15.14123,62.5742],[15.07775,62.60439],[14.91639,62.61326],[14.86342,62.67961],[14.87357,62.72431],[14.78528,62.75187],[14.75168,62.81303],[14.81271,62.8211],[14.76064,62.94092],[14.87713,62.93018],[14.92915,62.91511],[15.0539,62.99061],[15.01539,63.04665],[15.06024,63.06804],[15.11016,63.06025],[15.13141,63.09901],[15.10303,63.14737],[15.27023,63.1285],[15.32051,63.14896],[15.41928,63.11756],[15.52414,63.07432],[15.61789,63.08221],[15.7029,63.05612],[15.7645,63.07825],[15.91046,63.08685],[15.97259,63.06542],[16.01666,63.09563],[16.05607,63.07902],[16.14509,63.0832],[16.34469,63.06847],[16.43798,63.00338],[16.3914,62.93717],[16.43759,62.90373],[16.47262,62.82197],[16.39754,62.77554],[16.36806,62.70776],[16.25288,62.72397],[16.12809,62.70017]]]}},{"type":"Feature","id":"SE-2361","properties":{"id":"SE-2361","country":"SE","name":"Härjedalen","labelPoint":[14.15374,62.16591]},"geometry":{"type":"Polygon","coordinates":[[[13.89014,61.65115],[13.61309,61.67123],[13.5647,61.65505],[13.50663,61.69156],[13.51449,61.73636],[13.41605,61.82664],[13.20921,61.93516],[13.37135,62.01045],[13.32274,62.01764],[13.29574,62.06189],[13.15938,62.02707],[13.03841,62.08534],[12.79561,62.23035],[12.61676,62.22158],[12.30215,62.26155],[12.05081,62.61598],[12.1301,62.75129],[12.48631,62.76234],[12.6424,62.70363],[12.80768,62.70751],[12.93687,62.68173],[12.94179,62.71221],[12.99996,62.73193],[13.05136,62.71039],[13.1378,62.71109],[13.19413,62.67311],[13.28187,62.65924],[13.28611,62.61581],[13.38721,62.61221],[13.46557,62.63463],[13.36542,62.68874],[13.37912,62.74415],[13.42559,62.76231],[13.49109,62.71125],[13.60539,62.67095],[13.67548,62.66831],[13.82203,62.71681],[13.88849,62.67451],[13.87137,62.62645],[13.99081,62.61629],[14.03028,62.49917],[14.18133,62.39726],[14.34547,62.30719],[14.4588,62.31127],[14.55913,62.29056],[14.80545,62.41602],[14.86864,62.40825],[14.94708,62.32501],[15.15901,62.26774],[15.27312,62.30729],[15.32441,62.28903],[15.33445,62.22281],[15.39562,62.20343],[15.41234,62.12839],[15.08331,62.00747],[15.11146,61.96268],[15.10292,61.90885],[15.10364,61.86181],[15.03999,61.88483],[14.89565,61.89002],[14.8728,61.8387],[14.79831,61.90008],[14.72883,61.87985],[14.68992,61.91238],[14.52665,61.7916],[14.50071,61.63019],[14.41477,61.58619],[14.35678,61.61317],[14.20141,61.63263],[13.98311,61.63467],[13.89014,61.65115]]]}},{"type":"Feature","id":"SE-2280","properties":{"id":"SE-2280","country":"SE","name":"Härnösand","labelPoint":[17.76315,62.71049]},"geometry":{"type":"Polygon","coordinates":[[[17.23846,62.90989],[17.33824,62.91504],[17.48629,62.87585],[17.7341,62.8795],[18.00767,62.7858],[18.02109,62.75094],[18.15701,62.7542],[18.0481,62.67815],[17.97618,62.65222],[18.06256,62.61532],[17.90639,62.56069],[17.8461,62.48484],[17.74868,62.51146],[17.66009,62.55377],[17.6518,62.60156],[17.5659,62.61636],[17.44425,62.69335],[17.41949,62.72764],[17.16749,62.86035],[17.23846,62.90989]]]}},{"type":"Feature","id":"SE-2282","properties":{"id":"SE-2282","country":"SE","name":"Kramfors","labelPoint":[17.88289,62.98505]},"geometry":{"type":"Polygon","coordinates":[[[17.30644,63.06351],[17.65297,63.13198],[17.76568,63.12089],[17.85883,63.14738],[17.97817,63.15568],[18.02818,63.20804],[18.35557,63.13135],[18.50124,63.08152],[18.48589,63.03469],[18.40134,63.03347],[18.37899,63.00413],[18.54225,62.99059],[18.48971,62.92157],[18.3826,62.84373],[18.26936,62.88453],[18.21863,62.86447],[18.27669,62.83671],[18.13532,62.77209],[18.00767,62.7858],[17.7341,62.8795],[17.48629,62.87585],[17.33824,62.91504],[17.28747,62.93945],[17.22821,62.97951],[17.22304,63.03972],[17.33053,63.03838],[17.30644,63.06351]]]}},{"type":"Feature","id":"SE-2309","properties":{"id":"SE-2309","country":"SE","name":"Krokom","labelPoint":[14.17772,63.82724]},"geometry":{"type":"Polygon","coordinates":[[[13.70608,64.04896],[13.96233,64.01419],[14.16233,64.20139],[14.1298,64.40599],[14.2482,64.34963],[14.76724,64.29027],[14.87802,64.12824],[14.92903,64.11695],[14.96618,64.04843],[14.9076,64.02756],[14.96263,63.93112],[15.03225,63.9135],[15.06701,63.85407],[14.93547,63.80041],[14.91171,63.73461],[14.92378,63.60214],[14.86706,63.57942],[14.77726,63.59427],[14.71966,63.55525],[14.53958,63.58293],[14.56975,63.50036],[14.51104,63.4541],[14.64357,63.36168],[14.6455,63.31643],[14.74845,63.31008],[14.73689,63.22386],[14.59179,63.21942],[14.47834,63.24961],[14.41214,63.23979],[14.30826,63.27845],[14.17288,63.30207],[14.00616,63.32376],[13.82285,63.35731],[13.74172,63.35315],[13.57467,63.40439],[13.4664,63.4281],[13.45399,63.47001],[13.49865,63.49369],[13.49349,63.57501],[13.45737,63.66464],[13.44457,63.77147],[13.37873,63.78997],[13.30832,63.89693],[13.28098,64.08653],[13.70608,64.04896]]]}},{"type":"Feature","id":"SE-2303","properties":{"id":"SE-2303","country":"SE","name":"Ragunda","labelPoint":[15.97472,63.1666]},"geometry":{"type":"Polygon","coordinates":[[[15.48574,63.36569],[15.55758,63.44171],[15.65487,63.45851],[15.78056,63.52087],[15.97249,63.51626],[15.98329,63.4469],[16.05543,63.45934],[16.13521,63.44056],[16.12634,63.37946],[16.60194,63.18425],[17.01187,62.95425],[16.66046,62.93246],[16.47262,62.82197],[16.43759,62.90373],[16.3914,62.93717],[16.43798,63.00338],[16.34469,63.06847],[16.14509,63.0832],[16.05607,63.07902],[16.01666,63.09563],[15.97259,63.06542],[15.91046,63.08685],[15.7645,63.07825],[15.7029,63.05612],[15.61789,63.08221],[15.52414,63.07432],[15.41928,63.11756],[15.32051,63.14896],[15.3097,63.19168],[15.23281,63.18817],[15.23179,63.24971],[15.34154,63.32035],[15.47184,63.26328],[15.54545,63.31568],[15.48574,63.36569]]]}},{"type":"Feature","id":"SE-2283","properties":{"id":"SE-2283","country":"SE","name":"Sollefteå","labelPoint":[16.77995,63.44373]},"geometry":{"type":"Polygon","coordinates":[[[17.23846,62.90989],[17.16749,62.86035],[17.01187,62.95425],[16.60194,63.18425],[16.12634,63.37946],[16.13521,63.44056],[16.05543,63.45934],[15.98329,63.4469],[15.97249,63.51626],[15.99099,63.56417],[15.79702,63.67386],[15.87818,63.68777],[15.98837,63.65847],[16.09762,63.69975],[16.25129,63.66608],[16.30256,63.68864],[16.37128,63.67216],[16.61342,63.71836],[16.57465,63.82206],[16.5878,63.89382],[16.72412,64.02686],[16.84507,63.96791],[17.26058,63.92981],[17.32389,63.89204],[17.17968,63.89178],[17.20757,63.82476],[17.27087,63.81725],[17.23013,63.77983],[17.22797,63.72188],[17.29448,63.73774],[17.32316,63.71237],[17.27045,63.66299],[17.33389,63.59371],[17.26085,63.56919],[17.28033,63.48995],[17.41403,63.51424],[17.46609,63.36203],[17.5401,63.34095],[17.54258,63.299],[17.82024,63.28445],[18.02818,63.20804],[17.97817,63.15568],[17.85883,63.14738],[17.76568,63.12089],[17.65297,63.13198],[17.30644,63.06351],[17.33053,63.03838],[17.22304,63.03972],[17.22821,62.97951],[17.28747,62.93945],[17.33824,62.91504],[17.23846,62.90989]]]}},{"type":"Feature","id":"SE-2313","properties":{"id":"SE-2313","country":"SE","name":"Strömsund","labelPoint":[15.59864,64.2027]},"geometry":{"type":"Polygon","coordinates":[[[15.48574,63.36569],[15.40745,63.35871],[15.32926,63.41679],[15.14462,63.4871],[15.08521,63.47543],[15.05354,63.49497],[15.09416,63.52924],[14.92378,63.60214],[14.91171,63.73461],[14.93547,63.80041],[15.06701,63.85407],[15.03225,63.9135],[14.96263,63.93112],[14.9076,64.02756],[14.96618,64.04843],[14.92903,64.11695],[14.87802,64.12824],[14.76724,64.29027],[14.2482,64.34963],[14.1298,64.40599],[14.12362,64.4682],[14.07842,64.49159],[13.91574,64.51392],[13.66285,64.58978],[14.21061,65.06224],[14.33014,65.13104],[14.62055,65.02438],[14.67424,65.01675],[14.7202,64.98894],[14.79137,64.95405],[14.78646,64.91632],[14.86568,64.87501],[14.9502,64.87317],[15.03144,64.82445],[15.04645,64.76594],[15.23156,64.72871],[15.33272,64.66258],[15.26423,64.64224],[15.33498,64.6227],[15.36131,64.59435],[15.42231,64.60234],[15.42405,64.57693],[15.54278,64.5333],[15.57293,64.45768],[15.63955,64.45625],[15.62668,64.53286],[15.70297,64.55083],[15.74953,64.49065],[15.75769,64.42871],[16.02837,64.34982],[16.03289,64.27716],[16.20574,64.28439],[16.72412,64.02686],[16.5878,63.89382],[16.57465,63.82206],[16.61342,63.71836],[16.37128,63.67216],[16.30256,63.68864],[16.25129,63.66608],[16.09762,63.69975],[15.98837,63.65847],[15.87818,63.68777],[15.79702,63.67386],[15.99099,63.56417],[15.97249,63.51626],[15.78056,63.52087],[15.65487,63.45851],[15.55758,63.44171],[15.48574,63.36569]]]}},{"type":"Feature","id":"SE-2281","properties":{"id":"SE-2281","country":"SE","name":"Sundsvall","labelPoint":[16.86495,62.55821]},"geometry":{"type":"Polygon","coordinates":[[[17.23135,62.45108],[17.38865,62.5075],[17.38951,62.48082],[17.49322,62.46131],[17.51139,62.38201],[17.43411,62.37257],[17.4143,62.33393],[17.49266,62.27245],[17.64194,62.25157],[17.61204,62.20635],[17.52381,62.19773],[17.4796,62.1474],[17.3284,62.16886],[17.23708,62.1621],[17.1429,62.18448],[17.09242,62.17136],[16.96931,62.1882],[16.90573,62.1831],[16.79474,62.21535],[16.51283,62.24867],[16.2403,62.25363],[16.41173,62.34703],[16.40959,62.38158],[16.46525,62.42728],[16.42169,62.45338],[16.4468,62.51535],[16.55788,62.60311],[16.39046,62.66541],[16.36806,62.70776],[16.39754,62.77554],[16.66046,62.93246],[17.01187,62.95425],[17.16749,62.86035],[16.96103,62.75477],[16.96644,62.71997],[17.14534,62.6199],[17.24199,62.60107],[17.21523,62.51384],[17.19002,62.49548],[17.23135,62.45108]]]}},{"type":"Feature","id":"SE-2262","properties":{"id":"SE-2262","country":"SE","name":"Timrå","labelPoint":[17.29098,62.65663]},"geometry":{"type":"Polygon","coordinates":[[[17.23135,62.45108],[17.19002,62.49548],[17.21523,62.51384],[17.24199,62.60107],[17.14534,62.6199],[16.96644,62.71997],[16.96103,62.75477],[17.16749,62.86035],[17.41949,62.72764],[17.44425,62.69335],[17.5659,62.61636],[17.6518,62.60156],[17.66009,62.55377],[17.74868,62.51146],[17.67628,62.48182],[17.69599,62.43325],[17.5486,62.45038],[17.47707,62.52231],[17.38865,62.5075],[17.23135,62.45108]]]}},{"type":"Feature","id":"SE-2260","properties":{"id":"SE-2260","country":"SE","name":"Ånge","labelPoint":[15.63064,62.49151]},"geometry":{"type":"Polygon","coordinates":[[[16.12809,62.70017],[16.25288,62.72397],[16.36806,62.70776],[16.39046,62.66541],[16.55788,62.60311],[16.4468,62.51535],[16.42169,62.45338],[16.46525,62.42728],[16.40959,62.38158],[16.41173,62.34703],[16.2403,62.25363],[16.06014,62.25093],[16.02149,62.27079],[15.62,62.35826],[15.47856,62.35294],[15.32441,62.28903],[15.27312,62.30729],[15.15901,62.26774],[14.94708,62.32501],[14.86864,62.40825],[14.80545,62.41602],[14.78034,62.46658],[14.8352,62.46766],[14.80096,62.54153],[14.79478,62.60146],[14.91639,62.61326],[15.07775,62.60439],[15.14123,62.5742],[15.25607,62.61197],[15.59541,62.63461],[15.96339,62.71826],[16.12809,62.70017]]]}},{"type":"Feature","id":"SE-2321","properties":{"id":"SE-2321","country":"SE","name":"Åre","labelPoint":[12.8288,63.53435]},"geometry":{"type":"Polygon","coordinates":[[[13.74172,63.35315],[13.82285,63.35731],[14.00616,63.32376],[14.14893,63.20555],[14.04838,63.20237],[14.12969,63.17023],[14.2494,63.15089],[14.34618,63.11798],[14.36905,63.06946],[14.21881,63.04203],[14.10384,63.06297],[13.72208,63.04179],[13.6939,63.0609],[13.50314,63.0607],[13.3523,63.03902],[13.25792,63.0441],[13.06014,62.97687],[12.637,62.97942],[12.07434,62.90339],[12.1961,62.9956],[11.96219,63.26811],[12.19792,63.47086],[12.13296,63.5842],[12.27294,63.65973],[12.29706,63.7149],[12.36346,63.75272],[12.65775,63.97136],[12.8715,64.04969],[13.17971,64.09587],[13.28098,64.08653],[13.30832,63.89693],[13.37873,63.78997],[13.44457,63.77147],[13.45737,63.66464],[13.49349,63.57501],[13.49865,63.49369],[13.45399,63.47001],[13.4664,63.4281],[13.57467,63.40439],[13.74172,63.35315]]]}},{"type":"Feature","id":"SE-2284","properties":{"id":"SE-2284","country":"SE","name":"Örnsköldsvik","labelPoint":[18.23775,63.54042]},"geometry":{"type":"Polygon","coordinates":[[[18.80037,63.79673],[18.90263,63.80205],[18.96388,63.76841],[19.18125,63.60822],[19.17737,63.56659],[19.27815,63.4793],[19.22824,63.34029],[19.11438,63.3289],[19.09903,63.24622],[19.01809,63.20313],[18.93577,63.23118],[18.71913,63.16888],[18.60796,63.17333],[18.50124,63.08152],[18.35557,63.13135],[18.02818,63.20804],[17.82024,63.28445],[17.54258,63.299],[17.5401,63.34095],[17.46609,63.36203],[17.41403,63.51424],[17.28033,63.48995],[17.26085,63.56919],[17.33389,63.59371],[17.27045,63.66299],[17.32316,63.71237],[17.29448,63.73774],[17.22797,63.72188],[17.23013,63.77983],[17.27087,63.81725],[17.20757,63.82476],[17.17968,63.89178],[17.32389,63.89204],[17.26058,63.92981],[17.70746,63.89329],[18.38177,64.00834],[18.47312,63.96744],[18.42459,63.92532],[18.4878,63.84994],[18.63245,63.83974],[18.75091,63.8258],[18.80037,63.79673]]]}},{"type":"Feature","id":"SE-2380","properties":{"id":"SE-2380","country":"SE","name":"Östersund","labelPoint":[14.9918,63.25649]},"geometry":{"type":"Polygon","coordinates":[[[15.48574,63.36569],[15.54545,63.31568],[15.47184,63.26328],[15.34154,63.32035],[15.23179,63.24971],[15.23281,63.18817],[15.3097,63.19168],[15.32051,63.14896],[15.27023,63.1285],[15.10303,63.14737],[15.13141,63.09901],[15.11016,63.06025],[15.06024,63.06804],[15.01539,63.04665],[15.0539,62.99061],[14.92915,62.91511],[14.87713,62.93018],[14.76064,62.94092],[14.77405,62.90659],[14.61067,62.92595],[14.59184,62.98459],[14.48783,63.00538],[14.45695,63.07715],[14.44166,63.13559],[14.51632,63.14864],[14.57521,63.16235],[14.52575,63.17352],[14.45915,63.19805],[14.47291,63.22457],[14.59179,63.21942],[14.73689,63.22386],[14.74845,63.31008],[14.6455,63.31643],[14.64357,63.36168],[14.51104,63.4541],[14.56975,63.50036],[14.53958,63.58293],[14.71966,63.55525],[14.77726,63.59427],[14.86706,63.57942],[14.92378,63.60214],[15.09416,63.52924],[15.05354,63.49497],[15.08521,63.47543],[15.14462,63.4871],[15.32926,63.41679],[15.40745,63.35871],[15.48574,63.36569]]]}},{"type":"Feature","id":"NO-5049","properties":{"id":"NO-5049","country":"NO","name":"Flatanger","labelPoint":[10.61467,64.53506]},"geometry":{"type":"Polygon","coordinates":[[[11.09475,64.41162],[11.09314,64.37875],[11.10025,64.36543],[11.07952,64.35839],[11.02891,64.36171],[11.00912,64.34732],[10.99565,64.32269],[10.92733,64.28026],[10.90273,64.28086],[10.8145,64.29432],[10.77,64.3117],[10.75843,64.31014],[10.74464,64.31395],[10.72308,64.33343],[10.69849,64.34621],[10.70964,64.34929],[10.7022,64.35519],[10.725,64.36148],[10.69522,64.38186],[10.65638,64.37598],[10.63165,64.37558],[10.60587,64.39613],[10.57603,64.40565],[10.55405,64.40902],[10.509,64.42994],[10.45638,64.435],[9.69981,64.72845],[9.80379,64.77815],[10.15021,64.64482],[10.43076,64.58879],[10.61734,64.62097],[10.73821,64.65987],[10.99619,64.61885],[11.02143,64.59535],[11.10838,64.57124],[11.10508,64.55013],[11.04999,64.54829],[11.03243,64.54299],[11.02947,64.52713],[11.0346,64.51335],[11.01395,64.49298],[11.01943,64.4776],[11.04473,64.45917],[11.05953,64.45177],[11.06638,64.45202],[11.07498,64.44794],[11.02871,64.43228],[11.03105,64.42668],[11.02518,64.41278],[11.06229,64.41481],[11.08417,64.42015],[11.09475,64.41162]]]}},{"type":"Feature","id":"NO-5036","properties":{"id":"NO-5036","country":"NO","name":"Frosta","labelPoint":[10.71056,63.59238]},"geometry":{"type":"Polygon","coordinates":[[[10.89649,63.62226],[10.90262,63.61749],[10.9024,63.61107],[10.81445,63.57152],[10.79529,63.5574],[10.74117,63.54777],[10.65393,63.49054],[10.55035,63.49529],[10.48858,63.51659],[10.51392,63.57369],[10.71645,63.65535],[10.85647,63.69328],[10.89511,63.67606],[10.91433,63.65879],[10.94682,63.63721],[10.89649,63.62226]]]}},{"type":"Feature","id":"NO-5014","properties":{"id":"NO-5014","country":"NO","name":"Frøya","labelPoint":[8.87958,64.06638]},"geometry":{"type":"Polygon","coordinates":[[[8.14437,64.05808],[8.94048,64.35771],[9.32525,64.54729],[9.67105,64.41509],[9.70015,64.39592],[9.73186,64.33178],[9.72496,64.27385],[9.67945,64.16216],[9.6404,64.12733],[9.61419,64.07468],[9.23493,63.92789],[9.14906,63.77365],[8.93447,63.69384],[8.77775,63.66712],[8.66261,63.66474],[8.45199,63.63833],[8.32383,63.63779],[8.10865,63.59815],[8.00952,63.64911],[7.64811,63.76816],[8.10275,64.03814],[8.14437,64.05808]]]}},{"type":"Feature","id":"NO-5045","properties":{"id":"NO-5045","country":"NO","name":"Grong","labelPoint":[12.6372,64.5308]},"geometry":{"type":"Polygon","coordinates":[[[12.57444,64.71331],[12.53705,64.697],[12.52578,64.68276],[12.49441,64.67284],[12.49648,64.66841],[12.48175,64.6588],[12.48465,64.65529],[12.45869,64.64525],[12.50239,64.63261],[12.45211,64.6141],[12.40013,64.58928],[12.40134,64.58365],[12.3671,64.58228],[12.35665,64.57947],[12.33422,64.55808],[12.32346,64.55409],[12.31762,64.5554],[12.30007,64.55274],[12.23378,64.53942],[12.22664,64.53384],[12.22798,64.52775],[12.19824,64.51774],[12.17741,64.51283],[12.14891,64.52026],[12.14645,64.51087],[12.12429,64.51069],[12.12488,64.50299],[12.12969,64.50066],[12.11618,64.48968],[12.10629,64.49156],[12.08475,64.48634],[12.07112,64.4782],[12.07805,64.46725],[12.09396,64.46444],[12.11093,64.46706],[12.12741,64.46077],[12.12595,64.45475],[12.13226,64.4462],[12.12433,64.44329],[12.11002,64.42289],[12.12152,64.4131],[12.15469,64.39762],[12.16265,64.37678],[12.12655,64.33236],[12.14922,64.3375],[12.2422,64.34401],[12.25932,64.34211],[12.30611,64.34347],[12.3221,64.35613],[12.33906,64.35461],[12.37345,64.36474],[12.41139,64.38599],[12.42061,64.3952],[12.46116,64.3816],[12.48901,64.38481],[12.55432,64.38516],[12.59248,64.40285],[12.695,64.4176],[13.0695,64.43384],[13.09097,64.50304],[12.84934,64.65588],[12.85605,64.66032],[12.85495,64.66805],[12.8242,64.66956],[12.82126,64.67333],[12.8115,64.67605],[12.79285,64.67598],[12.78715,64.67927],[12.7966,64.68948],[12.79017,64.69354],[12.76463,64.69111],[12.74976,64.6974],[12.72698,64.69188],[12.72251,64.68619],[12.71195,64.68872],[12.69485,64.68409],[12.66973,64.69489],[12.60797,64.71092],[12.6291,64.72637],[12.51622,64.72235],[12.57444,64.71331]]]}},{"type":"Feature","id":"NO-5055","properties":{"id":"NO-5055","country":"NO","name":"Heim","labelPoint":[9.09011,63.24694]},"geometry":{"type":"Polygon","coordinates":[[[8.4028,63.05688],[8.34477,63.04102],[8.34668,63.03915],[8.33833,63.03553],[8.3286,63.04515],[8.29682,63.03806],[8.27377,63.02591],[8.26334,63.02429],[8.24371,63.01208],[8.20296,63.02281],[8.15066,63.09538],[8.10266,63.12938],[8.15006,63.14304],[8.26346,63.15454],[8.33322,63.15796],[8.369,63.14786],[8.48286,63.14967],[8.56906,63.17159],[8.67215,63.1873],[8.76242,63.18983],[8.81904,63.19477],[8.83327,63.19884],[8.83764,63.2152],[8.86166,63.21969],[8.86269,63.23133],[8.82791,63.24425],[8.81575,63.26613],[8.84931,63.29012],[8.86597,63.29521],[8.86313,63.32175],[8.87012,63.32988],[8.88237,63.33622],[8.88256,63.3436],[8.90458,63.34883],[8.91106,63.3565],[8.89211,63.35351],[8.87215,63.36448],[8.86788,63.37075],[8.84871,63.36608],[8.82585,63.37196],[8.7989,63.3715],[8.7957,63.38263],[8.80317,63.40231],[8.76294,63.41494],[8.74273,63.44748],[8.89968,63.46802],[9.04517,63.48151],[9.10031,63.46344],[9.12025,63.43623],[9.14687,63.42813],[9.21525,63.35647],[9.30892,63.36864],[9.35591,63.36853],[9.44369,63.38148],[9.45409,63.36689],[9.44624,63.36249],[9.40397,63.35253],[9.39101,63.33778],[9.3949,63.33574],[9.3727,63.32785],[9.38129,63.32214],[9.3596,63.30729],[9.382,63.28684],[9.39878,63.29086],[9.4235,63.27873],[9.36926,63.27418],[9.343,63.26422],[9.3561,63.24964],[9.35107,63.24374],[9.35404,63.22734],[9.35877,63.22211],[9.37031,63.22211],[9.37101,63.21957],[9.36071,63.21564],[9.36113,63.2119],[9.33856,63.20906],[9.29556,63.19537],[9.25138,63.20003],[9.24777,63.20633],[9.22859,63.20478],[9.20043,63.19558],[9.1936,63.18644],[9.14365,63.17316],[9.18335,63.14779],[9.18563,63.13597],[9.14308,63.12748],[9.10158,63.13265],[9.09852,63.13569],[9.05963,63.13669],[9.05375,63.13548],[9.05873,63.13111],[9.04875,63.1301],[9.04832,63.12613],[9.05332,63.12434],[9.04019,63.12149],[9.02332,63.13019],[8.99523,63.12115],[8.99825,63.11855],[8.98454,63.11573],[8.96996,63.13392],[8.91108,63.11791],[8.89873,63.12211],[8.86014,63.11432],[8.85649,63.11806],[8.83356,63.1261],[8.80715,63.12662],[8.77466,63.1141],[8.77726,63.10713],[8.7348,63.0945],[8.72126,63.08542],[8.70595,63.08283],[8.68872,63.0734],[8.65257,63.06418],[8.64769,63.07254],[8.63299,63.06864],[8.6223,63.07094],[8.59269,63.0648],[8.55364,63.0616],[8.54707,63.05604],[8.52603,63.05789],[8.50199,63.04897],[8.49736,63.06166],[8.4815,63.07965],[8.45367,63.07378],[8.43721,63.06555],[8.43698,63.05157],[8.42517,63.04674],[8.4028,63.05688]]]}},{"type":"Feature","id":"NO-5056","properties":{"id":"NO-5056","country":"NO","name":"Hitra","labelPoint":[8.69844,63.56085]},"geometry":{"type":"Polygon","coordinates":[[[9.24836,63.56999],[9.2987,63.60835],[9.23175,63.66764],[9.21395,63.74485],[9.14906,63.77365],[8.93447,63.69384],[8.77775,63.66712],[8.66261,63.66474],[8.45199,63.63833],[8.32383,63.63779],[8.10865,63.59815],[8.24053,63.42209],[8.34293,63.35941],[8.43391,63.3887],[8.74273,63.44748],[8.89968,63.46802],[9.04517,63.48151],[9.10031,63.46344],[9.12025,63.43623],[9.14687,63.42813],[9.19584,63.43992],[9.25419,63.44297],[9.26887,63.4477],[9.30673,63.44448],[9.318,63.44867],[9.33567,63.45052],[9.3377,63.46981],[9.32409,63.47244],[9.3084,63.46952],[9.28974,63.46955],[9.30711,63.47993],[9.31839,63.48108],[9.31873,63.49128],[9.33617,63.49253],[9.33705,63.49871],[9.34553,63.4967],[9.35398,63.49815],[9.3615,63.51566],[9.37351,63.52323],[9.39232,63.52388],[9.41008,63.53585],[9.42195,63.53591],[9.43573,63.54242],[9.44573,63.55172],[9.40907,63.57777],[9.27824,63.54711],[9.24836,63.56999]]]}},{"type":"Feature","id":"NO-5026","properties":{"id":"NO-5026","country":"NO","name":"Holtålen","labelPoint":[11.35981,62.86591]},"geometry":{"type":"Polygon","coordinates":[[[10.94296,62.95365],[10.94945,62.95905],[10.94411,62.9698],[10.95497,62.97486],[10.95012,62.976],[10.95793,62.97844],[10.99829,63.06237],[11.09311,63.05762],[11.14664,63.06387],[11.18832,63.01252],[11.21489,63.0104],[11.23896,63.01325],[11.2719,63.00385],[11.46402,62.97506],[11.50529,62.92281],[11.58086,62.88001],[11.64373,62.88238],[11.66664,62.89367],[11.78102,62.8949],[11.80786,62.82916],[11.79622,62.82868],[11.67245,62.7706],[11.55767,62.77134],[11.53024,62.76432],[11.4907,62.761],[11.46927,62.75005],[11.44404,62.7597],[11.43678,62.75883],[11.43475,62.75498],[11.4126,62.75698],[11.39649,62.7486],[11.3959,62.74139],[11.35508,62.74005],[11.33673,62.74646],[11.32724,62.74387],[11.3056,62.74445],[11.29629,62.7263],[11.29834,62.72126],[11.29179,62.71449],[11.27149,62.70858],[11.24317,62.71318],[11.21785,62.70318],[11.16956,62.6756],[11.13484,62.679],[11.132,62.66772],[11.12343,62.66149],[11.04382,62.66684],[10.92825,62.6963],[10.8513,62.69285],[10.79236,62.67908],[10.89033,62.78082],[10.9447,62.7885],[10.90741,62.85181],[10.9574,62.88825],[10.96758,62.91792],[10.95841,62.93321],[10.94175,62.94005],[10.94572,62.94933],[10.94296,62.95365]]]}},{"type":"Feature","id":"NO-5046","properties":{"id":"NO-5046","country":"NO","name":"Høylandet","labelPoint":[12.3568,64.74938]},"geometry":{"type":"Polygon","coordinates":[[[12.23378,64.53942],[12.31762,64.5554],[12.32346,64.55409],[12.33422,64.55808],[12.35665,64.57947],[12.3671,64.58228],[12.40134,64.58365],[12.40013,64.58928],[12.45211,64.6141],[12.50239,64.63261],[12.45869,64.64525],[12.48465,64.65529],[12.48175,64.6588],[12.49648,64.66841],[12.49441,64.67284],[12.52578,64.68276],[12.53705,64.697],[12.56611,64.70757],[12.57444,64.71331],[12.51622,64.72235],[12.53048,64.77831],[12.52405,64.79975],[12.58576,64.82584],[12.51955,64.8521],[12.54416,64.86388],[12.61829,64.86534],[12.6708,64.87699],[12.72031,64.88049],[12.7132,64.91094],[12.73321,64.9323],[12.7151,64.95261],[12.65459,64.94594],[12.62867,64.9395],[12.58716,64.96252],[12.58089,64.98705],[12.51472,64.93826],[12.42495,64.91265],[12.4121,64.90562],[12.38316,64.92138],[12.32899,64.93164],[12.30996,64.90037],[12.29124,64.88692],[12.28827,64.87554],[12.27432,64.86284],[12.27518,64.84472],[12.24164,64.83998],[12.23811,64.8352],[12.23482,64.82289],[12.24395,64.82013],[12.24123,64.81138],[12.21416,64.81393],[12.20127,64.80592],[12.19072,64.80293],[12.17615,64.80357],[12.16931,64.80006],[12.21685,64.78309],[12.19863,64.76927],[12.20379,64.76128],[12.17719,64.73748],[12.16816,64.72116],[12.02366,64.67773],[12.03302,64.66888],[12.03157,64.66088],[12.05344,64.62143],[12.06892,64.6198],[12.09568,64.59827],[12.08585,64.59203],[12.09616,64.58362],[12.09807,64.56212],[12.10703,64.55652],[12.11106,64.54851],[12.12441,64.54443],[12.1315,64.55161],[12.16068,64.55409],[12.1706,64.54025],[12.20046,64.52579],[12.22798,64.52775],[12.22664,64.53384],[12.23378,64.53942]]]}},{"type":"Feature","id":"NO-5053","properties":{"id":"NO-5053","country":"NO","name":"Inderøy","labelPoint":[11.08052,63.84635]},"geometry":{"type":"Polygon","coordinates":[[[11.44253,63.84224],[11.3842,63.82771],[11.33192,63.80363],[11.30781,63.80177],[11.25042,63.83599],[11.04034,63.81156],[10.97886,63.74837],[10.97593,63.72904],[10.87548,63.69963],[10.83791,63.72618],[10.84228,63.73802],[10.83427,63.75518],[10.79257,63.76502],[10.78243,63.77535],[10.76757,63.7757],[10.72268,63.77078],[10.72744,63.77634],[10.72389,63.77932],[10.67022,63.79157],[10.66777,63.79508],[10.65903,63.79327],[10.65471,63.80186],[10.63652,63.81608],[10.65341,63.82167],[10.67115,63.83635],[10.68137,63.84031],[10.73711,63.8519],[10.80866,63.86251],[10.91857,63.89854],[10.95577,63.91377],[11.04572,63.921],[11.19524,63.9681],[11.26435,64.00034],[11.40492,63.99961],[11.37158,63.97695],[11.37563,63.97069],[11.37197,63.96906],[11.37886,63.96209],[11.37507,63.94315],[11.34165,63.91335],[11.34196,63.88398],[11.37962,63.8839],[11.39238,63.88537],[11.39522,63.88989],[11.40959,63.88978],[11.43217,63.89381],[11.43169,63.89068],[11.43901,63.88707],[11.43251,63.88468],[11.43071,63.87788],[11.44069,63.87255],[11.43871,63.86943],[11.4538,63.86604],[11.45976,63.86859],[11.45942,63.87286],[11.46585,63.87467],[11.49054,63.87492],[11.51772,63.86997],[11.52449,63.86094],[11.49392,63.85764],[11.45876,63.85046],[11.44253,63.84224]]]}},{"type":"Feature","id":"NO-5054","properties":{"id":"NO-5054","country":"NO","name":"Indre Fosen","labelPoint":[10.25245,63.66359]},"geometry":{"type":"Polygon","coordinates":[[[9.78501,63.65007],[9.77498,63.61934],[9.86985,63.54206],[9.87581,63.51999],[9.89301,63.49789],[9.93125,63.48172],[9.9797,63.46605],[10.05412,63.45457],[10.10616,63.46234],[10.23479,63.49558],[10.35656,63.5092],[10.48858,63.51659],[10.51392,63.57369],[10.71645,63.65535],[10.87548,63.69963],[10.83791,63.72618],[10.84228,63.73802],[10.83427,63.75518],[10.79257,63.76502],[10.78243,63.77535],[10.7652,63.77551],[10.72418,63.77053],[10.72744,63.77634],[10.72389,63.77932],[10.67022,63.79157],[10.66777,63.79508],[10.65903,63.79327],[10.65471,63.80186],[10.63652,63.81608],[10.62319,63.81199],[10.61241,63.81811],[10.59801,63.83589],[10.59751,63.8439],[10.45127,63.77124],[10.41464,63.81438],[10.41052,63.83441],[10.33894,63.86568],[10.26039,63.85057],[10.24605,63.85255],[10.212,63.85177],[10.21563,63.83283],[10.20783,63.79992],[10.19608,63.79579],[10.0768,63.77482],[10.01756,63.75201],[9.90195,63.71728],[9.79241,63.69454],[9.74287,63.67184],[9.78501,63.65007]]]}},{"type":"Feature","id":"NO-5037","properties":{"id":"NO-5037","country":"NO","name":"Levanger","labelPoint":[11.24415,63.71033]},"geometry":{"type":"Polygon","coordinates":[[[11.45489,63.74124],[11.46054,63.73961],[11.4662,63.74195],[11.47369,63.74047],[11.48084,63.7436],[11.5022,63.74137],[11.51067,63.74296],[11.51574,63.7375],[11.52618,63.73737],[11.53039,63.72739],[11.56579,63.72847],[11.58423,63.6916],[11.59036,63.65652],[11.67532,63.61548],[11.72817,63.59342],[11.70945,63.59288],[11.70086,63.58945],[11.68521,63.58975],[11.6782,63.59275],[11.6783,63.59041],[11.6684,63.59237],[11.66195,63.58971],[11.62862,63.59802],[11.61585,63.59663],[11.61863,63.5933],[11.61265,63.59044],[11.59782,63.59119],[11.60124,63.58833],[11.57445,63.58495],[11.55825,63.59009],[11.56013,63.59663],[11.55359,63.60029],[11.54956,63.59483],[11.54721,63.59745],[11.53216,63.59794],[11.51585,63.58818],[11.42257,63.56961],[11.42112,63.57193],[11.36823,63.57895],[11.1883,63.57196],[11.15916,63.56757],[11.12319,63.56814],[11.05656,63.56429],[11.01267,63.56859],[10.93279,63.55962],[10.92957,63.56116],[10.90834,63.55625],[10.86338,63.55803],[10.83242,63.55122],[10.79529,63.5574],[10.81445,63.57152],[10.9024,63.61107],[10.90262,63.61749],[10.89649,63.62226],[10.94682,63.63721],[10.91433,63.65879],[10.89511,63.67606],[10.85647,63.69328],[10.97593,63.72904],[10.97886,63.74837],[11.04034,63.81156],[11.25042,63.83599],[11.30781,63.80177],[11.33192,63.80363],[11.38703,63.79936],[11.41488,63.78119],[11.4383,63.77975],[11.43725,63.77638],[11.44648,63.77107],[11.44185,63.76738],[11.45089,63.76813],[11.45529,63.76564],[11.45051,63.75614],[11.45851,63.75151],[11.45489,63.74124]]]}},{"type":"Feature","id":"NO-5042","properties":{"id":"NO-5042","country":"NO","name":"Lierne","labelPoint":[13.61185,64.39339]},"geometry":{"type":"Polygon","coordinates":[[[13.89118,64.50713],[13.65426,64.58034],[13.70547,64.63996],[13.93127,64.82212],[13.7031,64.79513],[13.69333,64.79171],[13.55319,64.7669],[13.52671,64.76547],[13.37667,64.72645],[13.38467,64.69726],[13.35242,64.683],[13.33343,64.66691],[13.26727,64.58839],[13.24538,64.58426],[13.24162,64.5778],[13.21074,64.55766],[13.09097,64.50304],[13.0695,64.43384],[13.12626,64.35293],[13.21756,64.31265],[13.24803,64.25296],[13.22426,64.16742],[13.21111,64.09537],[13.53768,64.06553],[13.7154,64.04629],[13.96753,64.00797],[14.15711,64.19506],[14.14471,64.28428],[14.11387,64.46248],[14.08523,64.47825],[13.89118,64.50713]]]}},{"type":"Feature","id":"NO-5031","properties":{"id":"NO-5031","country":"NO","name":"Malvik","labelPoint":[10.73812,63.39364]},"geometry":{"type":"MultiPolygon","coordinates":[[[[10.59203,63.43212],[10.53932,63.46956],[10.55035,63.49529],[10.65393,63.49054],[10.71508,63.46864],[10.77447,63.45535],[10.83821,63.45454],[10.85655,63.43653],[10.85968,63.42696],[10.85525,63.4166],[10.8626,63.40018],[10.8612,63.38014],[10.84417,63.35515],[10.85067,63.35655],[10.85137,63.35447],[10.86024,63.35482],[10.85167,63.35296],[10.8546,63.34419],[10.96459,63.32942],[10.91398,63.31305],[10.87407,63.30671],[10.82099,63.30489],[10.77653,63.29505],[10.74585,63.29701],[10.70361,63.31594],[10.6885,63.32664],[10.68728,63.33017],[10.70276,63.34684],[10.67949,63.35625],[10.67164,63.36255],[10.63935,63.3527],[10.64618,63.35723],[10.65756,63.35917],[10.65715,63.36373],[10.65074,63.36496],[10.64605,63.371],[10.61044,63.37446],[10.62259,63.3781],[10.61159,63.38864],[10.61659,63.39864],[10.6116,63.39919],[10.61175,63.40366],[10.60296,63.40965],[10.58966,63.40862],[10.58313,63.41176],[10.5959,63.41976],[10.59203,63.43212]]],[[[10.85574,63.34958],[10.86401,63.349],[10.86844,63.34389],[10.85895,63.3439],[10.85574,63.34958]]],[[[10.86488,63.34874],[10.87847,63.34278],[10.88448,63.3454],[10.88568,63.34896],[10.88127,63.3505],[10.86734,63.35124],[10.86488,63.34874]]]]}},{"type":"Feature","id":"NO-5028","properties":{"id":"NO-5028","country":"NO","name":"Melhus","labelPoint":[10.30996,63.18776]},"geometry":{"type":"Polygon","coordinates":[[[10.28254,63.06835],[10.286,63.06673],[10.31919,63.0756],[10.40936,63.07831],[10.44065,63.08553],[10.48636,63.09081],[10.52468,63.09159],[10.5685,63.08913],[10.64873,63.11546],[10.71616,63.14359],[10.69488,63.1599],[10.63251,63.16329],[10.53652,63.21696],[10.49534,63.2265],[10.49075,63.22514],[10.47112,63.22802],[10.35636,63.26214],[10.37062,63.2799],[10.39381,63.2945],[10.39297,63.29872],[10.39941,63.3027],[10.38576,63.31162],[10.36241,63.3171],[10.35532,63.32241],[10.33269,63.31824],[10.32994,63.31523],[10.33461,63.31329],[10.31989,63.30478],[10.3037,63.30493],[10.29111,63.30905],[10.29526,63.31501],[10.281,63.31492],[10.27749,63.32075],[10.26132,63.32537],[10.25499,63.33974],[10.21565,63.34463],[10.18806,63.33252],[10.21284,63.31985],[10.21968,63.32127],[10.23098,63.31485],[10.21945,63.31133],[10.20801,63.2989],[10.20149,63.29841],[10.20545,63.29277],[10.18941,63.28933],[10.19208,63.28606],[10.19673,63.28618],[10.19633,63.2802],[10.2052,63.27367],[10.20088,63.26552],[10.17331,63.2459],[10.15225,63.23962],[10.15775,63.23246],[10.14792,63.21024],[10.12791,63.21057],[10.09865,63.19592],[10.09385,63.20732],[10.08321,63.20556],[10.0757,63.19938],[10.05752,63.19634],[10.00203,63.17826],[9.99521,63.17378],[9.97316,63.17082],[9.96954,63.16745],[9.95034,63.17319],[9.9472,63.1796],[9.93987,63.17503],[9.91889,63.17566],[9.89799,63.15564],[9.87838,63.14583],[9.8905,63.14094],[9.88881,63.11482],[9.89604,63.09708],[9.90719,63.09288],[9.90812,63.08404],[9.92518,63.08133],[9.93144,63.09436],[9.94378,63.09241],[9.95849,63.08369],[9.98922,63.06108],[9.99277,63.06158],[10.01385,63.03318],[10.01254,63.01969],[10.09376,63.03114],[10.14175,63.05774],[10.22591,63.05701],[10.25517,63.05977],[10.28254,63.06835]]]}},{"type":"Feature","id":"NO-5034","properties":{"id":"NO-5034","country":"NO","name":"Meråker","labelPoint":[11.80221,63.38387]},"geometry":{"type":"Polygon","coordinates":[[[12.08409,63.35558],[12.21288,63.47859],[12.14977,63.59394],[11.97703,63.60108],[11.81301,63.63315],[11.73592,63.5943],[11.72817,63.59342],[11.64273,63.54237],[11.60738,63.51274],[11.52873,63.46565],[11.50847,63.41216],[11.45456,63.32623],[11.5502,63.26405],[11.63079,63.18069],[11.93203,63.19423],[12.05255,63.18335],[11.97458,63.26923],[12.08409,63.35558]]]}},{"type":"Feature","id":"NO-5027","properties":{"id":"NO-5027","country":"NO","name":"Midtre Gauldal","labelPoint":[10.52324,62.89388]},"geometry":{"type":"Polygon","coordinates":[[[10.1476,62.84564],[10.1879,62.75874],[10.31756,62.72664],[10.32508,62.6953],[10.59283,62.66381],[10.64951,62.67658],[10.67307,62.67505],[10.71175,62.66601],[10.71807,62.65018],[10.74035,62.64547],[10.79236,62.67908],[10.89033,62.78082],[10.9447,62.7885],[10.90741,62.85181],[10.9574,62.88825],[10.96758,62.91792],[10.95841,62.93321],[10.94175,62.94005],[10.94572,62.94933],[10.94296,62.95365],[10.94945,62.95905],[10.94402,62.9695],[10.95497,62.97486],[10.95012,62.976],[10.95793,62.97844],[10.99837,63.06239],[10.95925,63.061],[10.92292,63.0684],[10.90055,63.08473],[10.79358,63.11693],[10.71616,63.14359],[10.64873,63.11546],[10.5685,63.08913],[10.52468,63.09159],[10.48636,63.09081],[10.44065,63.08553],[10.40936,63.07831],[10.31919,63.0756],[10.286,63.06673],[10.27973,63.0683],[10.25062,63.05917],[10.22567,63.05699],[10.14175,63.05774],[10.09376,63.03114],[10.01254,63.01969],[10.00966,62.99325],[9.9916,62.97495],[9.98792,62.96481],[10.00119,62.94543],[10.03202,62.92609],[10.05685,62.90461],[10.08267,62.89858],[10.09163,62.88918],[10.10273,62.8865],[10.10836,62.87745],[10.11411,62.87684],[10.12406,62.86954],[10.12725,62.86184],[10.1476,62.84564]]]}},{"type":"Feature","id":"NO-5007","properties":{"id":"NO-5007","country":"NO","name":"Namsos","labelPoint":[11.33415,64.46839]},"geometry":{"type":"Polygon","coordinates":[[[11.77584,64.75769],[11.75981,64.776],[11.7467,64.77741],[11.73295,64.78718],[11.70589,64.79441],[11.68103,64.78158],[11.618,64.78935],[11.56943,64.78777],[11.46742,64.74273],[11.34527,64.71553],[11.13293,64.69827],[11.02741,64.72633],[10.9936,64.71494],[10.95857,64.7253],[10.73821,64.65987],[10.99619,64.61885],[11.02143,64.59535],[11.10838,64.57124],[11.10508,64.55013],[11.04999,64.54829],[11.03243,64.54299],[11.02947,64.52713],[11.0346,64.51335],[11.01395,64.49298],[11.01943,64.4776],[11.04473,64.45917],[11.05953,64.45177],[11.06638,64.45202],[11.07498,64.44794],[11.02871,64.43228],[11.03105,64.42668],[11.02518,64.41278],[11.06229,64.41481],[11.08417,64.42015],[11.0964,64.40915],[11.09314,64.37875],[11.10025,64.36543],[11.07952,64.35839],[11.02891,64.36171],[11.00912,64.34732],[10.99565,64.32269],[10.92733,64.28026],[10.91161,64.22965],[10.88377,64.20732],[10.74079,64.17706],[10.78601,64.11435],[10.867,64.11271],[10.88039,64.09788],[11.06311,64.14571],[11.11451,64.13992],[11.12316,64.14356],[11.136,64.14284],[11.14127,64.14178],[11.13936,64.13903],[11.14619,64.13327],[11.18755,64.13946],[11.22476,64.13947],[11.2463,64.14948],[11.24351,64.16207],[11.24952,64.15934],[11.25082,64.15318],[11.29073,64.15683],[11.30162,64.16092],[11.35759,64.16618],[11.36916,64.17155],[11.37093,64.18878],[11.41837,64.20477],[11.44919,64.20873],[11.48842,64.22195],[11.51536,64.22373],[11.54202,64.23335],[11.66235,64.25097],[11.75927,64.28352],[11.65472,64.32049],[11.66744,64.39677],[11.65347,64.41477],[11.63722,64.41551],[11.64257,64.44079],[11.62777,64.45204],[11.64121,64.47806],[11.62758,64.48525],[11.631,64.49677],[11.60329,64.50358],[11.62081,64.5048],[11.61837,64.51216],[11.6297,64.51238],[11.64434,64.51926],[11.66342,64.52002],[11.67492,64.52993],[11.67657,64.53748],[11.69376,64.53939],[11.71347,64.55459],[11.71901,64.54419],[11.74846,64.54334],[11.78497,64.54636],[11.79269,64.55025],[11.8222,64.55051],[11.82983,64.55732],[11.84135,64.56156],[11.87633,64.56426],[11.88955,64.56773],[11.91294,64.587],[11.8821,64.63531],[12.16816,64.72116],[12.17719,64.73748],[12.20379,64.76128],[12.19863,64.76927],[12.21685,64.78309],[12.16946,64.79832],[12.17444,64.80315],[12.19072,64.80293],[12.1961,64.80504],[12.16387,64.81774],[12.14705,64.82785],[12.13061,64.82989],[12.12911,64.83286],[12.12323,64.83111],[12.11699,64.83504],[12.09125,64.82354],[12.0486,64.82423],[12.00631,64.81676],[11.99843,64.80849],[12.0065,64.80077],[11.9857,64.78761],[11.97383,64.78262],[11.9112,64.77665],[11.88778,64.76596],[11.77584,64.75769]]]}},{"type":"Feature","id":"NO-5044","properties":{"id":"NO-5044","country":"NO","name":"Namsskogan","labelPoint":[12.88188,64.81279]},"geometry":{"type":"Polygon","coordinates":[[[12.84907,64.65608],[13.09097,64.50304],[13.12141,64.6437],[13.08491,64.66479],[13.03946,64.75217],[13.07517,64.75645],[13.1813,64.7503],[13.17273,64.78424],[13.35234,64.92625],[13.42758,65.02376],[13.42774,65.04312],[13.53935,65.06804],[13.58504,65.08647],[13.6118,65.09012],[13.6269,65.09864],[13.62892,65.10532],[13.52979,65.11673],[13.41125,65.09908],[13.304,65.10212],[13.15254,65.11588],[13.0854,65.10997],[13.05324,65.07379],[13.02199,65.07275],[12.99596,65.06845],[12.96759,65.03288],[12.92989,65.03876],[12.90789,65.02906],[12.91096,65.01713],[12.94805,65.00002],[12.93423,64.98462],[12.90696,64.97425],[12.77468,64.97553],[12.79132,64.95345],[12.76832,64.94078],[12.74788,64.9428],[12.7151,64.95261],[12.73321,64.9323],[12.7132,64.91094],[12.72031,64.88049],[12.6708,64.87699],[12.61829,64.86534],[12.54416,64.86388],[12.51955,64.8521],[12.58576,64.82584],[12.52405,64.79975],[12.53048,64.77831],[12.51622,64.72235],[12.6291,64.72637],[12.60797,64.71092],[12.66973,64.69489],[12.69525,64.68399],[12.71195,64.68872],[12.72251,64.68619],[12.72698,64.69188],[12.74976,64.6974],[12.76463,64.69111],[12.79017,64.69354],[12.7966,64.68936],[12.78853,64.6782],[12.79755,64.67496],[12.81204,64.67596],[12.82496,64.66944],[12.85458,64.66824],[12.85605,64.66032],[12.84907,64.65608]]]}},{"type":"Feature","id":"NO-5060","properties":{"id":"NO-5060","country":"NO","name":"Nærøysund","labelPoint":[11.18237,64.92651]},"geometry":{"type":"Polygon","coordinates":[[[9.80379,64.77815],[9.99696,64.86981],[10.08226,64.98522],[10.36595,65.26521],[11.15051,65.12545],[11.28436,65.008],[11.37881,64.99619],[11.57979,65.02795],[11.69714,65.03306],[11.79553,65.04225],[11.88023,65.06874],[11.87861,65.06636],[11.94205,65.06737],[11.95958,65.07777],[11.98433,65.07061],[11.98413,65.06803],[12.04886,65.06687],[12.0377,65.04773],[12.04013,65.03477],[12.03603,65.03014],[12.04105,65.02983],[12.0493,65.01517],[12.06553,65.01275],[12.08505,64.99995],[12.11413,65.00425],[12.13171,64.99903],[12.11999,65.01292],[12.12408,65.01246],[12.13335,65.02166],[12.14993,65.01893],[12.16141,65.00644],[12.19162,64.99907],[12.17977,64.9899],[12.18083,64.9823],[12.18739,64.9781],[12.20275,64.97286],[12.21046,64.97364],[12.238,64.96803],[12.24774,64.97138],[12.26017,64.96432],[12.27682,64.95979],[12.39572,64.9919],[12.41785,64.99207],[12.45175,64.98801],[12.46547,64.98267],[12.47743,64.98421],[12.50779,64.97709],[12.52123,64.97821],[12.56126,64.99031],[12.58089,64.98705],[12.51472,64.93826],[12.42495,64.91265],[12.4121,64.90562],[12.38316,64.92138],[12.32899,64.93164],[12.30996,64.90037],[12.29124,64.88692],[12.28827,64.87554],[12.27432,64.86284],[12.27518,64.84472],[12.24164,64.83998],[12.23811,64.8352],[12.23482,64.82289],[12.24395,64.82013],[12.24123,64.81138],[12.21416,64.81393],[12.1961,64.80504],[12.16387,64.81774],[12.14705,64.82785],[12.13061,64.82989],[12.12911,64.83286],[12.12323,64.83111],[12.11699,64.83504],[12.09125,64.82354],[12.0486,64.82423],[12.00631,64.81676],[11.99843,64.80849],[12.0065,64.80077],[11.97383,64.78262],[11.9112,64.77665],[11.88778,64.76596],[11.77584,64.75769],[11.75981,64.776],[11.7467,64.77741],[11.73295,64.78718],[11.70589,64.79441],[11.68103,64.78158],[11.618,64.78935],[11.56943,64.78777],[11.46742,64.74273],[11.34527,64.71553],[11.13293,64.69827],[11.02741,64.72633],[10.9936,64.71494],[10.95857,64.7253],[10.73821,64.65987],[10.61734,64.62097],[10.43076,64.58879],[10.15021,64.64482],[9.80379,64.77815]]]}},{"type":"Feature","id":"NO-5021","properties":{"id":"NO-5021","country":"NO","name":"Oppdal","labelPoint":[9.62365,62.53169]},"geometry":{"type":"Polygon","coordinates":[[[10.09758,62.42781],[10.03852,62.50319],[9.96612,62.63437],[9.98141,62.65876],[9.92995,62.67645],[9.9429,62.69584],[9.92022,62.69963],[9.90637,62.7125],[9.90893,62.7175],[9.90345,62.71729],[9.90515,62.71868],[9.89889,62.71894],[9.89154,62.72376],[9.87313,62.71872],[9.8627,62.71917],[9.85873,62.7162],[9.83239,62.71771],[9.82653,62.71419],[9.80517,62.71834],[9.78991,62.73047],[9.77926,62.73305],[9.77074,62.73209],[9.76717,62.73683],[9.76036,62.73855],[9.73648,62.73243],[9.72343,62.71861],[9.72544,62.7136],[9.66298,62.73366],[9.60553,62.76432],[9.58965,62.76626],[9.58909,62.77014],[9.5645,62.77715],[9.56282,62.79085],[9.53696,62.79515],[9.51653,62.80604],[9.42157,62.81605],[9.36483,62.79411],[9.14683,62.75646],[9.10278,62.75408],[9.09336,62.75545],[9.09355,62.75801],[9.07714,62.75963],[9.0577,62.74633],[8.98641,62.74183],[8.91996,62.71177],[8.98118,62.66217],[9.01213,62.66395],[9.11136,62.60553],[9.12632,62.58579],[9.14962,62.57816],[9.15224,62.57289],[9.19434,62.57704],[9.20142,62.57208],[9.22099,62.57474],[9.24353,62.5565],[9.23789,62.53633],[9.23066,62.54001],[9.22108,62.52705],[9.22313,62.52088],[9.21723,62.51989],[9.20931,62.52242],[9.206,62.52073],[9.2129,62.50689],[9.18429,62.45826],[9.19872,62.44751],[9.18363,62.42665],[9.14219,62.3984],[9.10467,62.38202],[9.06206,62.37261],[9.0974,62.3631],[9.36054,62.31772],[9.48389,62.29227],[9.51507,62.27802],[9.60192,62.25573],[9.71807,62.28279],[9.80124,62.28875],[9.8273,62.29919],[9.82822,62.3044],[9.83478,62.30728],[9.83365,62.31211],[9.83964,62.31493],[9.83387,62.32249],[9.83469,62.32985],[9.85475,62.33098],[9.844,62.33333],[9.84182,62.33947],[9.82144,62.34284],[9.8393,62.36209],[9.90026,62.34437],[9.9342,62.35522],[9.95339,62.3814],[9.95181,62.3972],[10.09758,62.42781]]]}},{"type":"Feature","id":"NO-5059","properties":{"id":"NO-5059","country":"NO","name":"Orkland","labelPoint":[9.66218,63.28373]},"geometry":{"type":"Polygon","coordinates":[[[9.8905,63.14094],[9.88881,63.11482],[9.89604,63.09708],[9.90719,63.09288],[9.90812,63.08404],[9.92284,63.08042],[9.92991,63.08571],[9.92812,63.09366],[9.94378,63.09241],[9.98471,63.06694],[9.98922,63.06108],[9.99277,63.06158],[10.01385,63.03318],[10.00966,62.99325],[9.9916,62.97495],[9.98792,62.96481],[9.94966,62.97221],[9.89777,62.96952],[9.89613,62.9737],[9.88921,62.97397],[9.84056,62.96756],[9.77753,62.97307],[9.73215,62.96202],[9.69689,62.94856],[9.68079,62.94714],[9.66007,62.9306],[9.62733,62.92072],[9.58549,62.89875],[9.55131,62.89635],[9.5442,62.90197],[9.50758,62.915],[9.49182,62.91068],[9.4895,62.89931],[9.45026,62.89043],[9.42414,62.92718],[9.42994,62.95414],[9.47923,62.97533],[9.48785,62.98255],[9.48222,62.98459],[9.49092,62.99415],[9.58355,63.00929],[9.57822,63.01359],[9.5674,63.01527],[9.50956,63.01323],[9.50826,63.01498],[9.49096,63.01462],[9.49052,63.02159],[9.48384,63.0266],[9.48317,63.02493],[9.47158,63.02688],[9.47685,63.03928],[9.44746,63.0408],[9.44662,63.04426],[9.43177,63.0488],[9.43306,63.05775],[9.44819,63.06012],[9.44673,63.08055],[9.43933,63.09898],[9.4434,63.10578],[9.44723,63.10537],[9.45129,63.11601],[9.45999,63.12127],[9.45728,63.12877],[9.4668,63.13102],[9.45754,63.13556],[9.46443,63.14283],[9.45805,63.14305],[9.45358,63.14816],[9.44775,63.16302],[9.46926,63.17202],[9.46863,63.17919],[9.43873,63.18339],[9.41192,63.18316],[9.38373,63.18603],[9.36244,63.20246],[9.36534,63.20607],[9.36071,63.21564],[9.37101,63.21957],[9.37031,63.22211],[9.35877,63.22211],[9.35404,63.22734],[9.35107,63.24374],[9.3561,63.24964],[9.343,63.26422],[9.36926,63.27418],[9.4235,63.27873],[9.39878,63.29086],[9.382,63.28684],[9.3596,63.30729],[9.38129,63.32214],[9.3727,63.32785],[9.3949,63.33574],[9.39101,63.33778],[9.40397,63.35253],[9.44624,63.36249],[9.45409,63.36689],[9.45088,63.37475],[9.44369,63.38148],[9.35591,63.36853],[9.30892,63.36864],[9.21525,63.35647],[9.14687,63.42813],[9.19584,63.43992],[9.25419,63.44297],[9.26887,63.4477],[9.30673,63.44448],[9.318,63.44867],[9.33567,63.45052],[9.3377,63.46981],[9.32409,63.47244],[9.3084,63.46952],[9.28974,63.46955],[9.30711,63.47993],[9.31839,63.48108],[9.31873,63.49128],[9.33617,63.49253],[9.33705,63.49871],[9.34553,63.4967],[9.35398,63.49815],[9.3615,63.51566],[9.37351,63.52323],[9.39232,63.52388],[9.41008,63.53585],[9.42195,63.53591],[9.43573,63.54242],[9.44573,63.55172],[9.40907,63.57777],[9.27824,63.54711],[9.24836,63.56999],[9.2987,63.60835],[9.51867,63.61988],[9.74287,63.67184],[9.78501,63.65007],[9.77498,63.61934],[9.86985,63.54206],[9.87581,63.51999],[9.89301,63.49789],[9.93125,63.48172],[9.9797,63.46605],[10.05412,63.45457],[10.01972,63.41218],[10.00353,63.37298],[9.94142,63.35438],[9.89126,63.3354],[9.9032,63.32418],[9.89616,63.32028],[9.89642,63.31057],[9.90239,63.30605],[9.90982,63.30613],[9.89665,63.29751],[9.89895,63.29423],[9.91505,63.29949],[9.92165,63.29637],[9.90845,63.28062],[9.90904,63.27182],[9.89485,63.26724],[9.89063,63.23818],[9.89633,63.22675],[9.91943,63.22221],[9.92152,63.21361],[9.91889,63.17566],[9.89799,63.15564],[9.87838,63.14583],[9.8905,63.14094]]]}},{"type":"Feature","id":"NO-5020","properties":{"id":"NO-5020","country":"NO","name":"Osen","labelPoint":[9.89186,64.49115]},"geometry":{"type":"Polygon","coordinates":[[[9.70015,64.39592],[10.05162,64.35595],[10.18223,64.29124],[10.2748,64.2735],[10.30929,64.27786],[10.34347,64.30106],[10.36227,64.29864],[10.36208,64.28849],[10.37957,64.28575],[10.38553,64.27779],[10.408,64.26411],[10.38497,64.26084],[10.41145,64.24705],[10.49639,64.22644],[10.6012,64.19316],[10.58594,64.1637],[10.74079,64.17706],[10.88377,64.20732],[10.91161,64.22965],[10.92733,64.28026],[10.90273,64.28086],[10.8145,64.29432],[10.77,64.3117],[10.75843,64.31014],[10.74464,64.31395],[10.72308,64.33343],[10.69849,64.34621],[10.70964,64.34929],[10.7022,64.35519],[10.725,64.36148],[10.69522,64.38186],[10.65638,64.37598],[10.63165,64.37558],[10.60587,64.39613],[10.57603,64.40565],[10.55405,64.40902],[10.509,64.42994],[10.45638,64.435],[9.69981,64.72845],[9.32525,64.54729],[9.67105,64.41509],[9.70015,64.39592]]]}},{"type":"Feature","id":"NO-5047","properties":{"id":"NO-5047","country":"NO","name":"Overhalla","labelPoint":[11.85577,64.48165]},"geometry":{"type":"Polygon","coordinates":[[[12.11093,64.46706],[12.12741,64.46077],[12.12595,64.45475],[12.13226,64.4462],[12.12433,64.44329],[12.11002,64.42289],[12.12152,64.4131],[12.15469,64.39762],[12.16265,64.37678],[12.12655,64.33236],[11.99772,64.31376],[11.95539,64.29998],[11.93387,64.33029],[11.85418,64.31087],[11.75927,64.28352],[11.65472,64.32049],[11.66744,64.39677],[11.65347,64.41477],[11.63722,64.41551],[11.64257,64.44079],[11.62777,64.45204],[11.64121,64.47806],[11.62758,64.48525],[11.631,64.49677],[11.60329,64.50358],[11.62081,64.5048],[11.61837,64.51216],[11.6297,64.51238],[11.64434,64.51926],[11.66342,64.52002],[11.67492,64.52993],[11.67657,64.53748],[11.69376,64.53939],[11.71347,64.55459],[11.71901,64.54419],[11.74846,64.54334],[11.78497,64.54636],[11.79269,64.55025],[11.8222,64.55051],[11.82983,64.55732],[11.84135,64.56156],[11.87633,64.56426],[11.88955,64.56773],[11.91294,64.587],[11.8821,64.63531],[12.02366,64.67773],[12.03302,64.66888],[12.03157,64.66088],[12.05344,64.62143],[12.06892,64.6198],[12.09568,64.59827],[12.08585,64.59203],[12.09616,64.58362],[12.09807,64.56212],[12.10703,64.55652],[12.11106,64.54851],[12.12441,64.54443],[12.1315,64.55161],[12.16068,64.55409],[12.1706,64.54025],[12.20046,64.52579],[12.22798,64.52775],[12.17741,64.51283],[12.14891,64.52026],[12.14645,64.51087],[12.12657,64.51202],[12.12488,64.50299],[12.12969,64.50066],[12.11618,64.48968],[12.10629,64.49156],[12.08475,64.48634],[12.07088,64.47778],[12.07805,64.46725],[12.09396,64.46444],[12.11093,64.46706]]]}},{"type":"Feature","id":"NO-5022","properties":{"id":"NO-5022","country":"NO","name":"Rennebu","labelPoint":[9.89122,62.76529]},"geometry":{"type":"Polygon","coordinates":[[[10.08149,62.89903],[10.09163,62.88918],[10.10262,62.88658],[10.10836,62.87745],[10.11411,62.87684],[10.12406,62.86954],[10.12725,62.86184],[10.1476,62.84564],[10.1879,62.75874],[10.31756,62.72664],[10.32508,62.6953],[10.23873,62.69507],[10.20628,62.69231],[10.19696,62.68767],[10.18587,62.69516],[10.17647,62.69693],[10.1597,62.69134],[10.16299,62.68604],[10.14978,62.68395],[10.14737,62.68747],[10.14414,62.68751],[10.1476,62.67669],[10.14018,62.67363],[10.13502,62.67491],[10.13604,62.66976],[10.11951,62.66434],[10.10897,62.65362],[10.10192,62.63662],[10.08627,62.62542],[10.07417,62.6019],[10.05667,62.60013],[10.02668,62.58562],[10.02811,62.57829],[10.03876,62.56778],[10.00608,62.55823],[9.96612,62.63437],[9.98141,62.65876],[9.92995,62.67645],[9.9429,62.69584],[9.92022,62.69963],[9.90637,62.7125],[9.90873,62.71766],[9.90345,62.71729],[9.90515,62.71868],[9.89889,62.71894],[9.89873,62.72142],[9.89037,62.7238],[9.87313,62.71872],[9.8627,62.71917],[9.85873,62.7162],[9.83239,62.71771],[9.82653,62.71419],[9.80517,62.71834],[9.78991,62.73047],[9.77926,62.73305],[9.77074,62.73209],[9.76717,62.73683],[9.76036,62.73855],[9.73648,62.73243],[9.72343,62.71861],[9.72544,62.7136],[9.66298,62.73366],[9.60553,62.76432],[9.58965,62.76626],[9.58909,62.77014],[9.5645,62.77715],[9.56282,62.79085],[9.53696,62.79515],[9.51653,62.80604],[9.42157,62.81605],[9.46333,62.84838],[9.44959,62.89028],[9.4895,62.89931],[9.49182,62.91068],[9.50758,62.915],[9.5442,62.90197],[9.55131,62.89635],[9.58549,62.89875],[9.62733,62.92072],[9.66007,62.9306],[9.68079,62.94714],[9.69689,62.94856],[9.73215,62.96202],[9.77753,62.97307],[9.84056,62.96756],[9.88921,62.97397],[9.89613,62.9737],[9.89777,62.96952],[9.94966,62.97221],[9.98813,62.96479],[10.00119,62.94543],[10.03202,62.92609],[10.05685,62.90461],[10.08149,62.89903]]]}},{"type":"Feature","id":"NO-5061","properties":{"id":"NO-5061","country":"NO","name":"Rindal","labelPoint":[9.34225,63.00273]},"geometry":{"type":"Polygon","coordinates":[[[8.99825,63.11855],[8.99523,63.12115],[9.02332,63.13019],[9.04019,63.12149],[9.05332,63.12434],[9.04832,63.12613],[9.04875,63.1301],[9.05873,63.13111],[9.05375,63.13548],[9.05963,63.13669],[9.09852,63.13569],[9.10158,63.13265],[9.14308,63.12748],[9.18563,63.13597],[9.18335,63.14779],[9.14365,63.17316],[9.1936,63.18644],[9.20043,63.19558],[9.22859,63.20478],[9.24777,63.20633],[9.25138,63.20003],[9.29556,63.19537],[9.33856,63.20906],[9.36113,63.2119],[9.36534,63.20607],[9.36244,63.20246],[9.38373,63.18603],[9.46825,63.17985],[9.46926,63.17202],[9.44775,63.16302],[9.45358,63.14816],[9.45805,63.14305],[9.46443,63.14283],[9.45754,63.13556],[9.4668,63.13102],[9.45728,63.12877],[9.45999,63.12127],[9.45129,63.11601],[9.44723,63.10537],[9.4434,63.10578],[9.43933,63.09898],[9.44673,63.08055],[9.44819,63.06012],[9.43306,63.05775],[9.43177,63.0488],[9.44662,63.04426],[9.44746,63.0408],[9.47685,63.03928],[9.47158,63.02688],[9.48317,63.02493],[9.48384,63.0266],[9.49052,63.02159],[9.49096,63.01462],[9.50826,63.01498],[9.50956,63.01323],[9.5674,63.01527],[9.57822,63.01359],[9.58355,63.00929],[9.49092,62.99415],[9.48222,62.98459],[9.48785,62.98255],[9.47923,62.97533],[9.42994,62.95414],[9.42414,62.92718],[9.44737,62.89861],[9.46333,62.84838],[9.42157,62.81605],[9.36483,62.79411],[9.33077,62.79871],[9.32355,62.80945],[9.32458,62.85205],[9.33118,62.86213],[9.28614,62.8773],[9.30001,62.88959],[9.31223,62.89144],[9.30786,62.90526],[9.26673,62.92583],[9.20331,62.92511],[9.17433,62.91717],[9.1571,62.92514],[9.13621,62.92726],[9.13322,62.93221],[9.12254,62.93494],[9.12013,62.94326],[9.12504,62.94671],[9.1145,62.958],[9.12754,62.95525],[9.13096,62.9577],[9.11307,62.96078],[9.11563,62.96667],[9.11063,62.97129],[9.11816,62.9783],[9.12963,62.98109],[9.13099,62.98504],[9.14913,62.99303],[9.16482,62.98506],[9.17347,62.98411],[9.17765,62.99301],[9.14781,62.99584],[9.14066,63.00087],[9.14156,63.00459],[9.14836,63.00596],[9.15631,63.01296],[9.13805,63.01526],[9.15486,63.01514],[9.15625,63.01699],[9.13222,63.01662],[9.12252,63.02413],[9.1044,63.02908],[9.10526,63.03661],[9.1142,63.04015],[9.10996,63.0442],[9.10426,63.04391],[9.08375,63.09039],[9.04616,63.08803],[9.03377,63.08364],[9.03138,63.07928],[9.01344,63.07386],[8.97283,63.07254],[8.95902,63.09307],[8.99516,63.10364],[8.98454,63.11573],[8.99825,63.11855]]]}},{"type":"Feature","id":"NO-5025","properties":{"id":"NO-5025","country":"NO","name":"Røros","labelPoint":[11.66164,62.56882]},"geometry":{"type":"Polygon","coordinates":[[[12.05614,62.61192],[12.13638,62.74792],[12.06864,62.76773],[11.8963,62.80239],[11.80786,62.82916],[11.79622,62.82868],[11.67245,62.7706],[11.55767,62.77134],[11.53024,62.76432],[11.4907,62.761],[11.46927,62.75005],[11.44404,62.7597],[11.43678,62.75883],[11.43475,62.75498],[11.4126,62.75698],[11.39649,62.7486],[11.3959,62.74139],[11.35508,62.74005],[11.33673,62.74646],[11.32724,62.74387],[11.3056,62.74445],[11.29629,62.7263],[11.29834,62.72126],[11.29179,62.71449],[11.27149,62.70858],[11.24317,62.71318],[11.21785,62.70318],[11.16956,62.6756],[11.13484,62.679],[11.132,62.66772],[11.12343,62.66149],[11.13477,62.65259],[11.13341,62.64913],[11.14393,62.65067],[11.16079,62.64742],[11.16446,62.61602],[11.18543,62.6055],[11.19643,62.59403],[11.19612,62.57076],[11.2284,62.57104],[11.24388,62.56687],[11.25169,62.55216],[11.24463,62.54412],[11.25425,62.53249],[11.28162,62.52899],[11.28547,62.53128],[11.2985,62.52183],[11.31732,62.52027],[11.33243,62.51457],[11.34037,62.51452],[11.37096,62.49375],[11.42889,62.47985],[11.44654,62.47032],[11.46159,62.45361],[11.46527,62.45406],[11.46892,62.4489],[11.49126,62.4373],[11.5364,62.38531],[11.55611,62.37159],[11.59184,62.37279],[11.67172,62.38179],[11.68913,62.36606],[11.68884,62.35045],[11.72713,62.34758],[11.7314,62.355],[11.72465,62.35911],[11.74774,62.36192],[11.76168,62.37878],[11.76617,62.38172],[11.77565,62.38264],[11.78763,62.37936],[11.9819,62.36043],[11.99553,62.35367],[12.01473,62.35362],[12.0504,62.34849],[12.05098,62.3455],[12.0584,62.34636],[12.06468,62.34414],[12.07759,62.33345],[12.11007,62.31708],[12.13096,62.31004],[12.13821,62.30989],[12.15773,62.31453],[12.16663,62.31285],[12.16922,62.31692],[12.18291,62.31959],[12.19209,62.32722],[12.20893,62.33112],[12.22949,62.32743],[12.25467,62.33103],[12.05614,62.61192]]]}},{"type":"Feature","id":"NO-5032","properties":{"id":"NO-5032","country":"NO","name":"Selbu","labelPoint":[11.16106,63.17029]},"geometry":{"type":"Polygon","coordinates":[[[10.69488,63.1599],[10.66579,63.23874],[10.66241,63.23964],[10.6538,63.23621],[10.65946,63.25039],[10.65634,63.26758],[10.62285,63.27494],[10.6204,63.28391],[10.62503,63.2902],[10.66297,63.30629],[10.7252,63.30679],[10.74585,63.29701],[10.77653,63.29505],[10.82099,63.30489],[10.87167,63.3064],[10.91398,63.31305],[10.99208,63.33602],[11.00728,63.33547],[11.04287,63.34065],[11.13953,63.34022],[11.18914,63.34789],[11.28281,63.34191],[11.45456,63.32623],[11.5502,63.26405],[11.63079,63.18069],[11.63177,63.14458],[11.55934,63.13554],[11.48616,63.11131],[11.43454,63.11346],[11.41476,63.10206],[11.38768,63.10956],[11.37083,63.10978],[11.35904,63.08493],[11.30902,63.05321],[11.30816,63.04092],[11.30151,63.04036],[11.29209,63.03166],[11.2719,63.00385],[11.23896,63.01325],[11.21489,63.0104],[11.18832,63.01252],[11.14664,63.06387],[11.09311,63.05762],[11.05902,63.05815],[11.00164,63.06277],[10.95925,63.061],[10.92292,63.0684],[10.90055,63.08473],[10.79358,63.11693],[10.71616,63.14359],[10.69488,63.1599]]]}},{"type":"Feature","id":"NO-5029","properties":{"id":"NO-5029","country":"NO","name":"Skaun","labelPoint":[10.05248,63.26953]},"geometry":{"type":"Polygon","coordinates":[[[9.99521,63.17378],[9.96455,63.16735],[9.94784,63.17476],[9.9472,63.1796],[9.93987,63.17503],[9.91889,63.17566],[9.92085,63.22012],[9.91328,63.22411],[9.89633,63.22675],[9.88999,63.24141],[9.89485,63.26724],[9.90904,63.27182],[9.90845,63.28062],[9.92165,63.29637],[9.91505,63.29949],[9.89895,63.29423],[9.89665,63.29751],[9.90982,63.30613],[9.90239,63.30605],[9.89642,63.31057],[9.89616,63.32028],[9.9032,63.32418],[9.89126,63.3354],[9.94142,63.35438],[10.00353,63.37298],[10.06487,63.35791],[10.09473,63.34153],[10.16391,63.33048],[10.18806,63.33252],[10.21284,63.31985],[10.21968,63.32127],[10.23098,63.31485],[10.21945,63.31133],[10.20801,63.2989],[10.20149,63.29841],[10.20545,63.29277],[10.18941,63.28933],[10.19208,63.28606],[10.19673,63.28618],[10.19633,63.2802],[10.2052,63.27367],[10.20088,63.26552],[10.17331,63.2459],[10.15225,63.23962],[10.15775,63.23246],[10.14792,63.21024],[10.12791,63.21057],[10.09865,63.19592],[10.09385,63.20732],[10.08321,63.20556],[10.0757,63.19938],[10.05752,63.19634],[10.00203,63.17826],[9.99521,63.17378]]]}},{"type":"Feature","id":"NO-5041","properties":{"id":"NO-5041","country":"NO","name":"Snåsa","labelPoint":[12.6232,64.18415]},"geometry":{"type":"Polygon","coordinates":[[[12.40677,64.38341],[12.37345,64.36474],[12.33906,64.35461],[12.3221,64.35613],[12.30611,64.34347],[12.25932,64.34211],[12.2422,64.34401],[12.14922,64.3375],[12.13272,64.33292],[12.10156,64.3301],[12.02654,64.31676],[11.99772,64.31376],[11.95539,64.29998],[11.96581,64.24722],[11.95985,64.23015],[11.97649,64.2189],[11.99731,64.22039],[12.0057,64.21462],[12.00954,64.20571],[12.02282,64.2055],[12.01038,64.20003],[12.02458,64.16827],[12.01263,64.15299],[12.03689,64.1551],[12.02984,64.1398],[12.0439,64.11981],[12.06131,64.10574],[12.17204,64.09718],[12.15713,64.08395],[12.13779,64.05541],[12.27124,64.02229],[12.37795,63.95692],[12.68357,63.97422],[12.92672,64.05795],[13.21111,64.09537],[13.22426,64.16742],[13.24803,64.25296],[13.21756,64.31265],[13.12626,64.35293],[13.0695,64.43384],[12.695,64.4176],[12.59248,64.40285],[12.55432,64.38516],[12.48901,64.38481],[12.46116,64.3816],[12.42061,64.3952],[12.40677,64.38341]]]}},{"type":"Feature","id":"NO-5006","properties":{"id":"NO-5006","country":"NO","name":"Steinkjer","labelPoint":[11.48677,64.04516]},"geometry":{"type":"Polygon","coordinates":[[[11.61371,63.87797],[11.54645,63.86162],[11.52449,63.86094],[11.51772,63.86997],[11.49054,63.87492],[11.46585,63.87467],[11.45942,63.87286],[11.45976,63.86859],[11.4538,63.86604],[11.43871,63.86943],[11.44069,63.87255],[11.43071,63.87788],[11.43251,63.88468],[11.43901,63.88707],[11.43169,63.89068],[11.43217,63.89381],[11.40959,63.88978],[11.39522,63.88989],[11.39238,63.88537],[11.37962,63.8839],[11.34196,63.88398],[11.34165,63.91335],[11.37507,63.94315],[11.37886,63.96209],[11.37197,63.96906],[11.37563,63.97069],[11.37158,63.97695],[11.40492,63.99961],[11.26435,64.00034],[11.19524,63.9681],[11.04572,63.921],[10.95577,63.91377],[10.91857,63.89854],[10.80866,63.86251],[10.73711,63.8519],[10.68137,63.84031],[10.67115,63.83635],[10.65341,63.82167],[10.62319,63.81199],[10.61241,63.81811],[10.59801,63.83589],[10.59751,63.8439],[10.45127,63.77124],[10.52342,63.84286],[10.5718,63.86966],[10.61141,63.90799],[10.71154,63.9405],[10.74456,63.96515],[10.75387,63.97721],[10.7706,63.98289],[10.77175,63.99438],[10.77982,63.99601],[10.78382,64.0042],[10.75868,64.02422],[10.77365,64.03522],[10.81527,64.0551],[10.8229,64.065],[10.82285,64.0784],[10.81857,64.08161],[10.83016,64.08978],[10.88039,64.09788],[11.06311,64.14571],[11.11451,64.13992],[11.12316,64.14356],[11.136,64.14284],[11.14127,64.14178],[11.13936,64.13903],[11.14655,64.13327],[11.18755,64.13946],[11.22511,64.13956],[11.2463,64.14948],[11.24351,64.16207],[11.24952,64.15934],[11.25082,64.15318],[11.29073,64.15683],[11.30162,64.16092],[11.35759,64.16618],[11.36916,64.17155],[11.37093,64.18878],[11.41837,64.20477],[11.44919,64.20873],[11.48842,64.22195],[11.51536,64.22373],[11.54202,64.23335],[11.66235,64.25097],[11.75927,64.28352],[11.85418,64.31087],[11.93387,64.33029],[11.95539,64.29998],[11.96581,64.24722],[11.95985,64.23015],[11.97649,64.2189],[11.99731,64.22039],[12.0057,64.21462],[12.00954,64.20571],[12.02282,64.2055],[12.01038,64.20003],[12.02458,64.16827],[12.01263,64.15299],[12.03689,64.1551],[12.02984,64.1398],[12.0439,64.11981],[12.06131,64.10574],[12.17204,64.09718],[12.15713,64.08395],[12.13779,64.05541],[12.27124,64.02229],[12.37795,63.95692],[12.22936,63.94821],[12.13117,63.9246],[12.00536,63.91059],[11.74527,63.90403],[11.64835,63.8843],[11.61237,63.88421],[11.61371,63.87797]]]}},{"type":"Feature","id":"NO-5035","properties":{"id":"NO-5035","country":"NO","name":"Stjørdal","labelPoint":[11.13912,63.4605]},"geometry":{"type":"Polygon","coordinates":[[[11.18914,63.34789],[11.45456,63.32623],[11.50847,63.41216],[11.52873,63.46565],[11.60738,63.51274],[11.64273,63.54237],[11.72817,63.59342],[11.70945,63.59288],[11.70086,63.58945],[11.68521,63.58975],[11.6782,63.59275],[11.6783,63.59041],[11.6684,63.59237],[11.66195,63.58971],[11.62862,63.59802],[11.61585,63.59663],[11.61863,63.5933],[11.61265,63.59044],[11.59782,63.59119],[11.60124,63.58833],[11.57445,63.58495],[11.55825,63.59009],[11.56013,63.59663],[11.55359,63.60029],[11.54956,63.59483],[11.54721,63.59745],[11.53216,63.59794],[11.51585,63.58818],[11.42257,63.56961],[11.42112,63.57193],[11.36823,63.57895],[11.1883,63.57196],[11.15916,63.56757],[11.12319,63.56814],[11.05656,63.56429],[11.01267,63.56859],[10.93279,63.55962],[10.92957,63.56116],[10.90834,63.55625],[10.86338,63.55803],[10.83242,63.55122],[10.79529,63.5574],[10.74117,63.54777],[10.65393,63.49054],[10.71508,63.46864],[10.77447,63.45535],[10.83821,63.45454],[10.85655,63.43653],[10.85968,63.42696],[10.85525,63.4166],[10.8626,63.40018],[10.8612,63.38014],[10.84417,63.35515],[10.85067,63.35655],[10.85137,63.35447],[10.86024,63.35482],[10.85167,63.35296],[10.8546,63.34419],[10.96459,63.32942],[10.99208,63.33602],[11.00728,63.33547],[11.04287,63.34065],[11.13953,63.34022],[11.18914,63.34789]],[[10.86488,63.34874],[10.87847,63.34278],[10.88448,63.3454],[10.88568,63.34896],[10.88127,63.3505],[10.86734,63.35124],[10.86488,63.34874]],[[10.85645,63.34975],[10.86401,63.349],[10.86844,63.34389],[10.85895,63.3439],[10.85645,63.34975]]]}},{"type":"Feature","id":"NO-5001","properties":{"id":"NO-5001","country":"NO","name":"Trondheim","labelPoint":[10.4747,63.33613]},"geometry":{"type":"Polygon","coordinates":[[[10.61037,63.37503],[10.64605,63.371],[10.65074,63.36496],[10.65715,63.36373],[10.65756,63.35917],[10.64618,63.35723],[10.63935,63.3527],[10.67164,63.36255],[10.67949,63.35625],[10.70276,63.34684],[10.68728,63.33017],[10.6885,63.32664],[10.70361,63.31594],[10.7252,63.30679],[10.66297,63.30629],[10.62503,63.2902],[10.6204,63.28391],[10.62285,63.27494],[10.65634,63.26758],[10.65946,63.25039],[10.6538,63.23621],[10.66241,63.23964],[10.66579,63.23874],[10.69488,63.1599],[10.63251,63.16329],[10.53652,63.21696],[10.49534,63.2265],[10.49075,63.22514],[10.47112,63.22802],[10.35636,63.26214],[10.37062,63.2799],[10.39381,63.2945],[10.39297,63.29872],[10.39941,63.3027],[10.38576,63.31162],[10.36241,63.3171],[10.35594,63.32223],[10.33269,63.31824],[10.32994,63.31523],[10.33461,63.31329],[10.31989,63.30478],[10.3037,63.30493],[10.29111,63.30905],[10.29526,63.31501],[10.281,63.31492],[10.27749,63.32075],[10.26132,63.32537],[10.25499,63.33974],[10.21565,63.34463],[10.18806,63.33252],[10.16391,63.33048],[10.09473,63.34153],[10.06487,63.35791],[10.00353,63.37298],[10.01972,63.41218],[10.05412,63.45457],[10.10616,63.46234],[10.23479,63.49558],[10.35656,63.5092],[10.48858,63.51659],[10.55035,63.49529],[10.53932,63.46956],[10.59559,63.42964],[10.59197,63.4264],[10.5959,63.41976],[10.58313,63.41176],[10.58966,63.40862],[10.60296,63.40965],[10.61175,63.40366],[10.6116,63.39919],[10.61659,63.39864],[10.61159,63.38864],[10.62259,63.3781],[10.61037,63.37503]]]}},{"type":"Feature","id":"NO-5033","properties":{"id":"NO-5033","country":"NO","name":"Tydal","labelPoint":[11.81372,62.94893]},"geometry":{"type":"Polygon","coordinates":[[[11.46402,62.97506],[11.50529,62.92281],[11.58086,62.88001],[11.64373,62.88238],[11.66664,62.89367],[11.78102,62.8949],[11.80786,62.82916],[11.8963,62.80239],[12.06864,62.76773],[12.13638,62.74792],[12.07469,62.90255],[12.21823,63.00033],[12.05255,63.18335],[11.93203,63.19423],[11.63079,63.18069],[11.63177,63.14458],[11.55934,63.13554],[11.48616,63.11131],[11.43454,63.11346],[11.41476,63.10206],[11.38768,63.10956],[11.37083,63.10978],[11.35904,63.08493],[11.30902,63.05321],[11.30816,63.04092],[11.30151,63.04036],[11.29209,63.03166],[11.2719,63.00385],[11.46402,62.97506]]]}},{"type":"Feature","id":"NO-5038","properties":{"id":"NO-5038","country":"NO","name":"Verdal","labelPoint":[11.92004,63.79028]},"geometry":{"type":"Polygon","coordinates":[[[11.81301,63.63315],[11.97703,63.60108],[12.14977,63.59394],[12.22725,63.63088],[12.29946,63.67198],[12.33058,63.71507],[12.48023,63.81876],[12.68357,63.97422],[12.22936,63.94821],[12.13117,63.9246],[12.00536,63.91059],[11.74527,63.90403],[11.64835,63.8843],[11.61237,63.88421],[11.61371,63.87797],[11.54645,63.86162],[11.49485,63.85778],[11.45876,63.85046],[11.44253,63.84224],[11.3842,63.82771],[11.35281,63.81533],[11.33192,63.80363],[11.38703,63.79936],[11.41488,63.78119],[11.4383,63.77975],[11.43725,63.77638],[11.44648,63.77107],[11.44185,63.76738],[11.45089,63.76813],[11.45529,63.76564],[11.45051,63.75614],[11.45851,63.75151],[11.45615,63.74028],[11.4662,63.74195],[11.47369,63.74047],[11.48092,63.74361],[11.5022,63.74137],[11.51067,63.74296],[11.51574,63.7375],[11.52618,63.73737],[11.53039,63.72739],[11.56579,63.72847],[11.58423,63.6916],[11.59036,63.65652],[11.67532,63.61548],[11.72817,63.59342],[11.73592,63.5943],[11.81301,63.63315]]]}},{"type":"Feature","id":"NO-5058","properties":{"id":"NO-5058","country":"NO","name":"Åfjord","labelPoint":[10.22202,64.0857]},"geometry":{"type":"Polygon","coordinates":[[[9.70015,64.39592],[10.05162,64.35595],[10.18223,64.29124],[10.2748,64.2735],[10.30929,64.27786],[10.34347,64.30106],[10.36227,64.29864],[10.36208,64.28849],[10.37957,64.28575],[10.38553,64.27779],[10.408,64.26411],[10.38497,64.26084],[10.41145,64.24705],[10.49639,64.22644],[10.6012,64.19316],[10.58594,64.1637],[10.74079,64.17706],[10.78601,64.11435],[10.867,64.11271],[10.88039,64.09788],[10.83016,64.08978],[10.81857,64.08161],[10.82285,64.0784],[10.8229,64.065],[10.81527,64.0551],[10.77365,64.03522],[10.75868,64.02422],[10.78382,64.0042],[10.77982,63.99601],[10.77175,63.99438],[10.7706,63.98289],[10.75387,63.97721],[10.74456,63.96515],[10.71154,63.9405],[10.61141,63.90799],[10.5718,63.86966],[10.52342,63.84286],[10.45127,63.77124],[10.41464,63.81438],[10.41052,63.83441],[10.33894,63.86568],[10.26039,63.85057],[10.24605,63.85255],[10.212,63.85177],[10.20214,63.87008],[10.15894,63.86101],[10.14263,63.8722],[10.13457,63.86972],[10.12295,63.87368],[10.11048,63.87255],[10.09676,63.87807],[10.08037,63.87795],[10.0643,63.87326],[10.04523,63.88085],[10.03705,63.87781],[10.01277,63.87542],[9.97387,63.88653],[9.95742,63.89798],[9.8561,63.91478],[9.80724,63.91686],[9.79552,63.93487],[9.80606,63.96102],[9.69265,64.01483],[9.61419,64.07468],[9.6404,64.12733],[9.67945,64.16216],[9.72496,64.27385],[9.73186,64.33178],[9.70015,64.39592]]]}},{"type":"Feature","id":"NO-5057","properties":{"id":"NO-5057","country":"NO","name":"Ørland","labelPoint":[9.70019,63.84692]},"geometry":{"type":"Polygon","coordinates":[[[9.51867,63.61988],[9.74287,63.67184],[9.79241,63.69454],[9.90195,63.71728],[10.01756,63.75201],[10.0768,63.77482],[10.19608,63.79579],[10.20781,63.79989],[10.21563,63.83283],[10.20214,63.87008],[10.15894,63.86101],[10.14263,63.8722],[10.13457,63.86972],[10.12295,63.87368],[10.11048,63.87255],[10.09676,63.87807],[10.08037,63.87795],[10.0643,63.87326],[10.04523,63.88085],[10.03705,63.87781],[10.01277,63.87542],[9.97387,63.88653],[9.95742,63.89798],[9.8561,63.91478],[9.80724,63.91686],[9.79552,63.93487],[9.80606,63.96102],[9.69265,64.01483],[9.61419,64.07468],[9.23493,63.92789],[9.14906,63.77365],[9.21395,63.74485],[9.23175,63.66764],[9.2987,63.60835],[9.51867,63.61988]]]}},{"type":"Feature","id":"NO-5043","properties":{"id":"NO-5043","country":"NO","name":"Røyrvik","labelPoint":[13.645778662122652,64.8882244130577]},"geometry":{"coordinates":[[[[13.641565087463523,64.783522733533],[13.647185385528733,64.78440915146916],[13.647463121120142,64.78445108098467],[13.647752464111967,64.78449652607696],[13.658647299900691,64.78620030275098],[13.66307951696208,64.78691822592432],[13.664850673347505,64.78719828805927],[13.667922875378666,64.787684128903],[13.677496418913616,64.78920143364924],[13.683941469796801,64.79022113599699],[13.690964655004146,64.7913283985561],[13.692972593310547,64.79164583730595],[13.693079909845292,64.791663564336],[13.693332521935783,64.7917057243146],[13.693491094493076,64.79184721218898],[13.693652307293867,64.79214730309134],[13.693753812109222,64.79238090571482],[13.694051397622891,64.79266388773031],[13.694501875119874,64.79277096648075],[13.695206226643634,64.7928857494304],[13.695852287928254,64.7930004657651],[13.696342454158007,64.7931576062901],[13.696872217285508,64.79332299024874],[13.697361408011526,64.7934133483176],[13.69797135135329,64.7934962378485],[13.698316780389185,64.7935127281878],[13.69866740670402,64.79358732840734],[13.69889722032465,64.7936707411934],[13.699039521416674,64.79367028286761],[13.69920082049875,64.7936861449678],[13.699343234519738,64.79372266235089],[13.699600252500252,64.79378755557627],[13.699885743179356,64.79386436451975],[13.700132843679215,64.7939210929056],[13.700475163033744,64.79399794943643],[13.700741713870778,64.79407916794534],[13.700923481258936,64.79417274703766],[13.701087083976613,64.79431579605821],[13.701154888105213,64.79438953143529],[13.701316717190792,64.79443824254753],[13.701554648938263,64.79451947847862],[13.701811946677424,64.7946007038369],[13.701983287025456,64.79465739492584],[13.702122423021079,64.79474476639446],[13.702413940293361,64.79493739419009],[13.702653988114179,64.79506235264817],[13.703102585186478,64.7951268491745],[13.70384388992587,64.79511842398678],[13.704752248465052,64.79506756701774],[13.705364757965219,64.79489189272925],[13.705820104226685,64.79456102333315],[13.706250468576874,64.79435593693742],[13.706850950848695,64.7943121667776],[13.707134597359321,64.79433132925764],[13.70714503947525,64.79433303558399],[13.716942686079985,64.79598549908361],[13.726582898241512,64.79761334220102],[13.739645811891345,64.79978925665837],[13.755832479848493,64.8017162197441],[13.813405409963401,64.8084373685117],[13.9312733406067,64.82212084194916],[13.977565221555436,64.85966235328793],[14.015226883533522,64.88980487055218],[14.046426354411127,64.91452624744997],[14.058115908251276,64.92377535695825],[14.077299686268544,64.9389362069357],[14.09370360471705,64.95132450200704],[14.129888393945292,64.97855914450736],[14.17684657463262,65.01251979642797],[14.226989271692997,65.04868202890277],[14.24572492662836,65.06202303765234],[14.29342833835957,65.09588885898076],[14.325985837435825,65.11891515088763],[14.316645165804452,65.12149910305693],[14.296659236690257,65.11505526327922],[14.292454707942266,65.11700049563622],[14.28971567572557,65.11827069637711],[14.288983401041568,65.11856333750768],[14.285705741590181,65.12005514836855],[14.28389408854549,65.12088100477136],[14.279145211198491,65.12318228243736],[14.27813036596521,65.12367980427192],[14.277763559283295,65.1238575000408],[14.26879973704531,65.12364347814743],[14.265690748413501,65.12359239276294],[14.26383795335626,65.12355629881475],[14.261393848937416,65.12334687078321],[14.26072798508754,65.12354108788298],[14.259546604819166,65.1238851209801],[14.257636158868408,65.12592163798755],[14.256032708195962,65.12764541561035],[14.255616344508415,65.12805611335627],[14.254207957960213,65.12964642260025],[14.253944465014238,65.12992327902685],[14.252891446621927,65.13099481245474],[14.252453129188694,65.1314323116537],[14.250619345605978,65.13145896314776],[14.245694925224065,65.13151494592066],[14.240621107055425,65.13157010046977],[14.240069596316726,65.13148654877278],[14.235462764835495,65.13160661658239],[14.230901105933121,65.13163704313675],[14.227855403219117,65.13158541158862],[14.225786876758571,65.1316285869541],[14.220375167233982,65.13158251762951],[14.218735757048913,65.13152014771339],[14.218288273003287,65.1315178160564],[14.212198657396765,65.13134229215422],[14.203784469215435,65.13120803701838],[14.195581765080364,65.1311372563695],[14.191513185618959,65.13107930678251],[14.188721421835643,65.13178217821321],[14.185774973094224,65.13264567650849],[14.183689158252305,65.133253490964],[14.181608662944637,65.13436389600236],[14.17935798995843,65.13546436858694],[14.175423665167317,65.13722846468606],[14.172775346068658,65.13807540345786],[14.170178663939573,65.1386354382757],[14.167181460287631,65.13904066052525],[14.164296948885328,65.13924895004479],[14.16251845983005,65.13885318228449],[14.159511113872577,65.1382262715563],[14.155736633883045,65.13759489451269],[14.151204525270836,65.13666310851896],[14.148471228242913,65.13615417700781],[14.145358542319736,65.13550834516732],[14.14228378536732,65.13500623737743],[14.138618100489891,65.13433924413503],[14.135038499930326,65.13364582673438],[14.131416556500346,65.13294283528886],[14.126690867810963,65.1321077960735],[14.123071548538327,65.13135104559744],[14.117735849175235,65.13029679368631],[14.112628952944386,65.12942326024123],[14.110532127162788,65.12904293180205],[14.108607484707715,65.12860087366037],[14.104660401749602,65.12810177286386],[14.100823749609882,65.12750470222929],[14.098215423721086,65.12712992594727],[14.09384716252905,65.12650246769408],[14.089289216830132,65.12581997875587],[14.08549502370442,65.12524053771766],[14.08089915521562,65.12444072676972],[14.076211075883297,65.12383762019894],[14.072693012876414,65.12330459982135],[14.068263659258275,65.12263105540995],[14.063855831080097,65.1219575133951],[14.058905640336334,65.12277011601583],[14.052931718898282,65.12360301424762],[14.046783687206865,65.12453318765151],[14.039652599906528,65.12551963244401],[14.03356724949752,65.12645864314625],[14.02693193713446,65.12726830235071],[14.02161668170077,65.1281041454051],[14.016280892506268,65.12890404222433],[14.012209310890373,65.12950533367106],[14.004232019149594,65.12912064668613],[13.997914404966462,65.12880944836401],[13.990109089180445,65.12840703044904],[13.983917932105282,65.12814087026386],[13.977235173885115,65.12791596952798],[13.969937350605104,65.12762382141037],[13.958514398280425,65.12709624113755],[13.950892511201664,65.12692645350488],[13.9488505685648,65.12683139110736],[13.944523595673994,65.12471902631647],[13.939838353166946,65.12251444252229],[13.935151443455725,65.12038139498863],[13.931619077263354,65.11868725392057],[13.92256470675668,65.11870321698699],[13.914898273348953,65.11863894882818],[13.907721544781042,65.11858683090729],[13.902287027296925,65.11863687349137],[13.886634587842083,65.11852144459726],[13.87969259553696,65.11846075373131],[13.87247222180493,65.11842456901296],[13.86576340218826,65.1183919077132],[13.861291236526275,65.11835800449478],[13.855687701877638,65.11837806293342],[13.848253520949463,65.11837497448585],[13.83626375086692,65.11828246886945],[13.834092196013545,65.11825653203617],[13.830228620023293,65.11746356603557],[13.825081082427815,65.1168131762243],[13.82027628097681,65.1161203466432],[13.814408882127902,65.11538297541645],[13.80987981548776,65.11472797518276],[13.804970113078372,65.11400689530404],[13.799870094234967,65.11327524496151],[13.793540378315521,65.11242565929491],[13.787425587156319,65.11153267286197],[13.783149841360071,65.11095967128333],[13.78052496480665,65.11061518407678],[13.775874838482066,65.11076572908233],[13.77143818904932,65.11091796995147],[13.765507488844984,65.11113845740257],[13.75994676414799,65.11118229204602],[13.75341916845736,65.11140642612025],[13.74751309452456,65.1115456416141],[13.740645743308027,65.1117392793412],[13.733884944822098,65.11193377243497],[13.728806188720005,65.11214187785177],[13.72245596633771,65.1122047268761],[13.717949740860114,65.11246230465572],[13.709701336425008,65.11258006847443],[13.707797419718883,65.11231239016593],[13.695602370846489,65.11125540183743],[13.686353611323575,65.11050155792316],[13.672444489503327,65.1092571287732],[13.66237118354638,65.10841389998795],[13.661078131360703,65.10829457213866],[13.65219643382857,65.10747915502624],[13.639308506408248,65.10631269327722],[13.62892038987587,65.10531716234478],[13.626898894146995,65.09863610701423],[13.611795956913523,65.09011646785466],[13.585041705064965,65.08646963406838],[13.539352780152958,65.06803613936104],[13.427741070486219,65.04311722784526],[13.427583166866032,65.02375853269132],[13.416679850749857,65.01332104854778],[13.413121559548967,65.00852162045629],[13.380530313813512,64.96447710882953],[13.352338707000797,64.92625247957027],[13.313931852894585,64.89602833198283],[13.282719580470781,64.87140868679717],[13.26723267538505,64.85917360115755],[13.267009382050494,64.85899732224942],[13.255492945556696,64.84989066662033],[13.230150819442908,64.82982649647548],[13.190382642095885,64.79827158657206],[13.172728671675694,64.78423626817984],[13.181300393740868,64.7502989866116],[13.149962713679749,64.75305022736794],[13.140023759675364,64.75350943079039],[13.121406412921012,64.75470868472323],[13.092372787067928,64.75610940875009],[13.075169411335288,64.75644947771015],[13.046410462187243,64.75327886939729],[13.039464261953125,64.75216701911775],[13.044138904121931,64.74887480349729],[13.048640277551035,64.73968365205852],[13.051038342307542,64.73463401408969],[13.052921440498832,64.73083023643775],[13.053327732318587,64.72996145115033],[13.05351490356279,64.72951688449388],[13.053995409026857,64.72861137156781],[13.054292346911806,64.72799796305429],[13.054558040175126,64.72743925898384],[13.055433085436533,64.72556255742016],[13.055628892992429,64.72512546252624],[13.056329031983841,64.7236971666941],[13.057568428181074,64.72109293847089],[13.058021854392166,64.72024773992955],[13.058493863505271,64.71928348728707],[13.058807111595566,64.71859192084116],[13.059188337448637,64.71781569933363],[13.059554430107559,64.71712733730718],[13.05976635697531,64.71669197494946],[13.059978654287056,64.71629530549922],[13.060354845790416,64.71545653972014],[13.060837408297186,64.7145242851877],[13.06122971622427,64.7137264814097],[13.061865343695306,64.71232020879441],[13.062374116653675,64.71128991160913],[13.062681682203397,64.71069269566912],[13.063105417544223,64.70980598357069],[13.063455179628294,64.70907889099605],[13.064064590961031,64.70781606956419],[13.064795838446102,64.70633904557845],[13.065240618855544,64.70543186784433],[13.065383773246094,64.70509900823194],[13.065674996680277,64.70442895442403],[13.066294456891688,64.70317523289167],[13.066782055102491,64.70226340409279],[13.067104946842017,64.70152491240916],[13.067332507091896,64.70104629919715],[13.067623987491114,64.7004831544129],[13.068010507520816,64.69966955117079],[13.068285828178261,64.69911786372248],[13.068555851955491,64.69858441858584],[13.068778451546224,64.69812171675956],[13.069164809479414,64.69733297346677],[13.069297411943037,64.69717348677936],[13.069424557839247,64.69690208293729],[13.070008713793083,64.6956531838836],[13.071089503587968,64.69334265398102],[13.07113357044868,64.69324798865992],[13.072155786252607,64.69106244819446],[13.072468017382615,64.69044337334468],[13.075235447628277,64.68481349133435],[13.075456989567025,64.68436243653913],[13.075504041421251,64.68426664200356],[13.075828232830021,64.68360678432259],[13.076209264433107,64.68283106169014],[13.078774296170668,64.67760987998251],[13.084913828998253,64.66478791245464],[13.119234173144399,64.644950085919],[13.11950547422819,64.64479313117714],[13.11975037665771,64.64465154868876],[13.120301044139266,64.64433280254806],[13.120446729290475,64.64424839291014],[13.12140717096882,64.64370416211226],[13.121326931563033,64.64333556358032],[13.121180462700467,64.64266227596441],[13.090965848994651,64.50303974795874],[13.17894210118187,64.5427593386178],[13.21074197040877,64.55766394824867],[13.221168332712104,64.56578210173969],[13.235842866195217,64.57440683167546],[13.24161944639842,64.57780022625867],[13.245381437906497,64.58425788708097],[13.267274611753013,64.58838705721173],[13.282738328841589,64.60627198677706],[13.284892465776384,64.60876213911124],[13.302081824299895,64.62861999558724],[13.30720162399595,64.63452848326294],[13.333429270896257,64.66690975141462],[13.346331341218429,64.67762739603677],[13.349562377913283,64.68049525304913],[13.352420139001092,64.68299653538824],[13.352457297010046,64.68301292549012],[13.363584442751177,64.68793745960681],[13.38459788839745,64.6972304113137],[13.384667584320798,64.69726105987549],[13.379746858731174,64.71644702109889],[13.376673197650964,64.726450315489],[13.401110402552456,64.7328201327226],[13.44739224964364,64.74497150820916],[13.448833201800923,64.74534470067132],[13.448977504051463,64.74538211104627],[13.473165582028312,64.75164389587907],[13.49432890652076,64.75733156577425],[13.508249694803768,64.76101484718274],[13.515723298544353,64.76295266694531],[13.522015091028281,64.76454356563134],[13.522099813988861,64.76455912862863],[13.522099935854026,64.76456074533897],[13.522268805489357,64.76461780313495],[13.522533816120172,64.76463157158868],[13.522857804379926,64.76467033874682],[13.523059387911236,64.7646789872219],[13.523249064113063,64.76470546684776],[13.523480316730558,64.7647175513172],[13.52372058487368,64.76477630525898],[13.523846900671595,64.76481184657251],[13.52393102593501,64.7648152863461],[13.52403558427376,64.76477566998238],[13.524224572838166,64.7647608566274],[13.524552400548808,64.7647601683654],[13.524867879887559,64.76480082096822],[13.525225939199792,64.76486648759833],[13.525268691013757,64.76493458385994],[13.525585322087508,64.76505054635952],[13.525754545794571,64.76516683842085],[13.525847802615933,64.76524189834225],[13.526050581157223,64.76530969962872],[13.52632432714967,64.76537551309238],[13.526429201043289,64.76536093834865],[13.526534187178676,64.76534815963983],[13.526639704659809,64.76538735119289],[13.52671218421962,64.76547333316046],[13.526766661450761,64.76547683588036],[13.527069265377852,64.76547616075926],[13.52731369243438,64.76552059010999],[13.527339794882149,64.7655316191721],[13.527423810457302,64.7655371200971],[13.535187711360514,64.76604603331137],[13.544886731041395,64.76635678538307],[13.545064359864561,64.76636938707304],[13.54543711689124,64.76634683531566],[13.545668115301924,64.76634452265303],[13.545836262760865,64.76634967104336],[13.546004737792366,64.76637609300491],[13.546122970575782,64.76642966517717],[13.546174433169105,64.76650493052156],[13.54625029120534,64.76651366151427],[13.546447527867977,64.76650967057077],[13.546629445722795,64.76659895816512],[13.546797617033267,64.76660760590242],[13.546931983469127,64.76658406142586],[13.547078684352435,64.76656575332109],[13.547217396781946,64.76657088112242],[13.547394446652332,64.7666099503266],[13.547618053203886,64.76668654146586],[13.547799307615263,64.76672565133542],[13.548072999383164,64.76676629386057],[13.548355286863963,64.76682308506622],[13.548599634967832,64.76686200351139],[13.548755281631273,64.7668885660549],[13.5489786577273,64.76693822811487],[13.549378501847109,64.76699482076643],[13.549661136170899,64.76705699778184],[13.549947541882736,64.76711553139664],[13.550061195460712,64.76713315596547],[13.550128837952528,64.76716181870181],[13.55029286379766,64.76718119181672],[13.550516323623961,64.76722546739552],[13.550693061006303,64.76724307951868],[13.550978861907335,64.76724237084235],[13.551155688852157,64.7672779330908],[13.551260688799616,64.7672687270158],[13.55137800870624,64.76724151185479],[13.55167214457449,64.7672265233818],[13.551776916074877,64.76721372475383],[13.552007096804388,64.76713259456272],[13.552120362080798,64.76711431415315],[13.55223788581646,64.76708719006146],[13.552413487761594,64.76702392520995],[13.552698964260083,64.76698210503625],[13.552904576897044,64.76692774826802],[13.552951499528135,64.7669310778905],[13.553193653565268,64.766901129847],[13.601375620464573,64.7759743567527],[13.641460297885116,64.78350624836261],[13.641565087463523,64.783522733533]]]],"crs":{"properties":{"name":"EPSG:4258"},"type":"name"},"type":"MultiPolygon"}},{"type":"Feature","id":"NO-5052","properties":{"id":"NO-5052","country":"NO","name":"Leka","labelPoint":[11.901084771880626,65.13981554507531]},"geometry":{"coordinates":[[[[11.801726980592104,65.16575196264682],[11.657595429222969,65.19834761628229],[11.486048403045304,65.23685779656955],[11.400403170857517,65.29570335569032],[11.023354541404043,65.3939136832451],[11.021360867100347,65.3944284579701],[10.578060526322325,65.47017500791667],[10.472758562131965,65.36884944023608],[10.455875841296113,65.35252577998138],[10.451604600446364,65.34839245647275],[10.36594641453756,65.26520615218375],[10.809382514013086,65.18690542512233],[11.150513976634624,65.12545425903845],[11.284359467512793,65.00799697001858],[11.378810612437002,64.99619331169569],[11.57978647502888,65.02794968113997],[11.634266999900534,65.0303342219342],[11.697135341925748,65.03306072814874],[11.717818830826596,65.03518705906083],[11.717819042816693,65.03518706371806],[11.740509410619428,65.03751603618632],[11.743509181918602,65.03782360437664],[11.746979125467313,65.03817925263964],[11.747415530863991,65.03819342391452],[11.772171375984719,65.03899181957595],[11.784273251104057,65.0412997186321],[11.79048239230916,65.04205690420922],[11.795526535701528,65.04224778611825],[11.7955367125625,65.04297705631622],[11.799115726201983,65.04474080347268],[11.800804441113366,65.04527410278335],[11.806876507713469,65.04723146964875],[11.824283590286058,65.05259755909397],[11.831861172134495,65.05492434236221],[11.845584704503525,65.05787683279925],[11.88022815742744,65.06874404915055],[11.894207388964556,65.07138645096163],[11.899220164219006,65.07630400842183],[11.917114760680121,65.07988933902617],[11.919205967402249,65.0836965607455],[11.922300352678466,65.08931591639515],[11.923916715676969,65.09213937663839],[11.92445423171905,65.09296931345908],[11.924346982758772,65.0946693745804],[11.924339735157986,65.09475050399647],[11.92430673566184,65.09476141145481],[11.924137746932349,65.09481730359224],[11.924075505211327,65.09483793828397],[11.924047823184763,65.09484706894331],[11.922989567470585,65.09573132547438],[11.926096062236653,65.09667690784008],[11.92517265276931,65.09722383723461],[11.925094278278646,65.09726973696549],[11.9209354282085,65.09970541041521],[11.923513021300248,65.10073437186453],[11.9260613479811,65.1017472373692],[11.93078538960396,65.10363694224878],[11.932275577241928,65.10418469734776],[11.934162279137462,65.10495520135728],[11.937275431036774,65.10621266175386],[11.937451976196222,65.10628398913387],[11.943695317809405,65.10877155935933],[11.944892943757415,65.10924558216801],[11.946211471491322,65.10976956918616],[11.949893669983936,65.11162408410982],[11.95394349127598,65.11366595361535],[11.958125129431997,65.11577396469845],[11.959019262158655,65.11622427837636],[11.960207336458707,65.11682244887052],[11.955682001235825,65.11752678222695],[11.953385168558698,65.11787766529994],[11.949637366006984,65.11846354958764],[11.949567031847025,65.11847451087624],[11.94515628713741,65.12110942643073],[11.94228812933897,65.12278961399734],[11.939279154994868,65.1246153300771],[11.935947601885244,65.12662524033095],[11.937213360015962,65.12984779409709],[11.937211335417842,65.12984685462023],[11.93813984643574,65.13229283623443],[11.940069613719954,65.13737431774119],[11.940121419505413,65.13752463815169],[11.940071456137392,65.13755460221131],[11.94002464592292,65.13760349054412],[11.93993377589627,65.13766072961631],[11.93979512235563,65.13773270957726],[11.939765190274457,65.13775176660383],[11.939720382996194,65.13779252312324],[11.939687846463311,65.13783047667907],[11.93967465097478,65.13787277675864],[11.939655259637199,65.13791144776782],[11.939629457961765,65.13795205348987],[11.939626238022274,65.13797444001939],[11.939616936584065,65.13800146225135],[11.939612402040037,65.13804636402517],[11.939610103277746,65.13808852736972],[11.939600801780344,65.13811554960006],[11.939606690076733,65.13814961768115],[11.93963123676084,65.13817544507785],[11.93970491215486,65.13820263485975],[11.93973811385152,65.13822926762415],[11.939749738383805,65.13825429229226],[11.939741027077693,65.13829470813705],[11.939774351238803,65.13832583384651],[11.939839591498709,65.13835401884086],[11.939926428335218,65.1383892008102],[11.939951841956795,65.13839825154514],[11.940177887870812,65.13852886868335],[11.940377355900498,65.13864574095297],[11.940555711815765,65.1386791984044],[11.940676728429901,65.1387158858856],[11.940681998302862,65.13878496680478],[11.94075963425917,65.13889818412127],[11.94089152303565,65.13898682332726],[11.94103097371659,65.139100583646],[11.941160490640296,65.13918019327302],[11.941295600859949,65.13924644556808],[11.941468297716808,65.13933834183158],[11.94170284990295,65.1394359904731],[11.941912570862097,65.13954732190399],[11.942100934435452,65.13965884594664],[11.942280697750265,65.13972277514767],[11.942389226812928,65.13976234968769],[11.942429573710047,65.13981220843743],[11.942481937827747,65.1398800046772],[11.94261115361191,65.13994191441064],[11.942632499671872,65.13995851543952],[11.94267649350296,65.13998967843331],[11.942721179441941,65.14002965680477],[11.94274868376053,65.14007431400378],[11.942764925681429,65.14010374338547],[11.942826939038369,65.14015260699533],[11.942914377424747,65.14020118086795],[11.942973335048334,65.14023211011006],[11.94304523970336,65.14026734478476],[11.943137265537123,65.14031870634292],[11.943263398714599,65.14037776850884],[11.94331795608309,65.14040429703805],[11.943459159284888,65.1404659115732],[11.943589894648921,65.14052578576057],[11.943664272146277,65.14056735715711],[11.943719069652364,65.14060107513338],[11.943791195792087,65.1406381101106],[11.943911034731357,65.1406981210494],[11.943965929305806,65.14072914663907],[11.944057426666054,65.14077771272662],[11.944118872235416,65.14081300302352],[11.94416286256365,65.14084236927958],[11.944199987650885,65.1408572261444],[11.944200233780878,65.14086621204646],[11.944262261849223,65.14091498547914],[11.944285148808016,65.14095344120301],[11.94430661289251,65.1410042615343],[11.944325311548324,65.14103832104159],[11.94437380691671,65.14107119180116],[11.944445832129903,65.14110912245741],[11.944516520212492,65.14116238312712],[11.944550435764764,65.14120699099699],[11.944546979932879,65.14122218805092],[11.944520600132819,65.14124931142578],[11.944496252667111,65.14127917049025],[11.944465018934434,65.14129469938086],[11.944412667891738,65.1413157251653],[11.944349727822503,65.141334200038],[11.944286714829481,65.14135887020848],[11.944235281570748,65.14139787641234],[11.944220411272605,65.14144921333886],[11.944232730243069,65.14148493896975],[11.944233307025826,65.14148548958133],[11.944215135652456,65.14151915667881],[11.944380175975509,65.1415832319598],[11.944472740882428,65.1416058647437],[11.944494903363685,65.14162095535724],[11.944494162167407,65.1416477930852],[11.944451058477602,65.14168858571958],[11.944343929605202,65.14176839732983],[11.944274707922645,65.14178952820767],[11.944114623838573,65.1417880608236],[11.94390265587297,65.14177017812968],[11.943674630249378,65.14176759445807],[11.943429032391153,65.14180273107593],[11.943303003553934,65.14180016108679],[11.943150029806082,65.14176102812695],[11.943062903126032,65.14176715446291],[11.942943103511263,65.14180314941733],[11.942820806858673,65.14188121373017],[11.942675385826833,65.14200442922612],[11.942543146401482,65.14214102557428],[11.942474444566349,65.14227065544176],[11.942419110808501,65.14241205351244],[11.942360259268298,65.14252284477813],[11.942305698762835,65.14263713629806],[11.942255588420089,65.1428017217753],[11.942263526822506,65.14292734678418],[11.942301869826455,65.14306320155413],[11.942323559750733,65.14307127775133],[11.94239985562005,65.14310920664836],[11.942422842138015,65.14314308443728],[11.942424021370684,65.14317175753567],[11.942432757512064,65.14322375547657],[11.942460483946585,65.14327021337837],[11.942515648254009,65.14331004620868],[11.942559066136857,65.14332772605619],[11.942651759321157,65.1433492847979],[11.942759054586407,65.14336449543414],[11.942844392357738,65.14336839130267],[11.942940416375238,65.14337214582196],[11.943008900471378,65.14337785329508],[11.94308023205721,65.14339960478614],[11.94317155387708,65.14343307980965],[11.943286101767468,65.14347241692434],[11.943387914376798,65.14350745286391],[11.943448420491714,65.1435231458518],[11.943517603194397,65.14354503292336],[11.943597584956922,65.14357136116446],[11.943684331046391,65.14360195848424],[11.943792665031642,65.14364152772833],[11.943825014196413,65.14365341336783],[11.944144172478017,65.14372835430984],[11.944252242127993,65.14380545789756],[11.944393412316519,65.14391017876156],[11.944506121173399,65.14400075821733],[11.944609448395711,65.14406716740815],[11.944714439294478,65.1441228333732],[11.944779786622846,65.14420032309272],[11.944806204465447,65.14426561364724],[11.94480542075347,65.14434103704909],[11.944770624285178,65.14437265902225],[11.944650602204304,65.14440865094942],[11.944471188794923,65.14444334240999],[11.94439521631284,65.14446002502343],[11.94429534541929,65.14451376053138],[11.944182611518595,65.14461249740843],[11.944084985124176,65.1446689728098],[11.943940929165743,65.14473204556775],[11.94386801942889,65.1447684585035],[11.943793480550243,65.14481345984052],[11.943768616864228,65.14484591277368],[11.943783510116829,65.14487226097036],[11.943838113925349,65.1449058849866],[11.943908228734847,65.14494566277062],[11.944002082359068,65.14499427667718],[11.94406105176189,65.14502520552652],[11.944187415375653,65.14508247501847],[11.944204361545872,65.14509099305963],[11.94432518503125,65.14516117176831],[11.944563089444602,65.14528214369228],[11.94472739867441,65.14537503189523],[11.944804756533411,65.14543534342653],[11.944855762713217,65.14547985037991],[11.944904625088771,65.14550033468345],[11.94495751340972,65.14550994434656],[11.945023734080143,65.1455094078717],[11.945086391890918,65.14552685032199],[11.945111016541672,65.14554468521813],[11.945128370612384,65.14556820951861],[11.945268484535559,65.14564327092573],[11.945335986461757,65.14572619273407],[11.94534039213634,65.14581402564308],[11.945260067284979,65.1459259969438],[11.945118626193729,65.1460034037641],[11.945074344388763,65.14601543385105],[11.9448956402084,65.14606612639108],[11.944690372930596,65.14610469202769],[11.944459918440618,65.14614328287831],[11.944236583431655,65.14620159682309],[11.94400672274042,65.1462572627775],[11.943834635373321,65.1463134775231],[11.943696523284059,65.14633967012672],[11.943671868380326,65.14634249040873],[11.943634336184678,65.14636076469553],[11.943625035670722,65.14638778715491],[11.943636893386014,65.14641640849293],[11.943655728111592,65.1464548714251],[11.943678832501275,65.14648776344448],[11.943705656113297,65.1465217191799],[11.943754543551155,65.14656609349596],[11.943826914812146,65.14661040768537],[11.943929674948983,65.14666513048715],[11.944023527981821,65.14671194808619],[11.944132803442889,65.14676940800305],[11.944213853615617,65.14681991608461],[11.944312569055946,65.14688012429721],[11.944356600425275,65.14690922172498],[11.944381148654028,65.14694070610277],[11.944368962165578,65.14698167994509],[11.94434682158505,65.14700529742224],[11.944323969302744,65.14703509719634],[11.944304447284345,65.14707304763766],[11.944301469509353,65.14710262384102],[11.944324132422432,65.14713380037178],[11.944390097641872,65.14717816329367],[11.944445605217764,65.14722437864172],[11.94450526244283,65.14726421230917],[11.944566739757159,65.14730677730755],[11.94462224790537,65.14735299259206],[11.944649303490335,65.14738865921665],[11.944683097136691,65.14742697780125],[11.944710948204287,65.1474761319373],[11.944702374535924,65.14752095139603],[11.944682061007601,65.14754352845351],[11.944629913653987,65.14756824080597],[11.944524824058558,65.14759860980216],[11.944404427302993,65.14762660114293],[11.944367106703861,65.14764487994461],[11.944374114531596,65.1476600208421],[11.944400704292566,65.14768490096388],[11.944499067291476,65.14773522284278],[11.944570641014176,65.14776425285311],[11.944629157939547,65.14778619126403],[11.94467293088545,65.14780827821708],[11.9447990959909,65.1478655428993],[11.944864700939396,65.14789822308867],[11.945073430430469,65.14796507319609],[11.945080683601688,65.14800590434912],[11.945168001085072,65.14804836693307],[11.945196368652866,65.14806151817659],[11.945286809573101,65.1481306277096],[11.945367026468384,65.14815875571092],[11.945514601881353,65.14817280893625],[11.945700006299745,65.14821610205108],[11.945823795921909,65.14826622252099],[11.945848197027455,65.14833425574538],[11.945883859537362,65.14841015211094],[11.945916319235957,65.14846380047508],[11.945903824367102,65.14851859866465],[11.945901184468372,65.1485526721868],[11.945895598579524,65.14857339401084],[11.945900227830487,65.14858139147763],[11.945940783452139,65.14862775063311],[11.945964032596553,65.14867241010346],[11.946028838178309,65.14868980596769],[11.946116166181895,65.14873406432402],[11.946159615883834,65.14875156396981],[11.946203055334642,65.14876915320193],[11.946225588141605,65.14879592610703],[11.946227234880686,65.148831703497],[11.946186351193347,65.1488679617227],[11.946166833955383,65.14890402649415],[11.946125747436664,65.14894019076601],[11.946041691112168,65.14896766639153],[11.945957110221675,65.14897743897777],[11.945872360393826,65.14899609913526],[11.945808483736135,65.1489965940659],[11.945681436637832,65.14901555997109],[11.945532776102455,65.14902573322887],[11.945427095350878,65.14904450556247],[11.94536345479295,65.14905407579525],[11.945298648771066,65.14903667964226],[11.94521340533843,65.14903736763726],[11.94512678371407,65.14901108488563],[11.945019457621669,65.14899407953689],[11.944912141981227,65.14897698451333],[11.944805285767025,65.14896887964686],[11.944698675926041,65.14896976059842],[11.944571158665603,65.14897982492565],[11.944443405405663,65.14898081365155],[11.94431635743669,65.14899977839663],[11.944209747463985,65.14900065900005],[11.944082699237722,65.14901962354601],[11.943955191832956,65.1490295977489],[11.943806989548857,65.14904875952732],[11.943700625339982,65.14905862566174],[11.943594686943484,65.14906850040265],[11.943488087001262,65.14906929089338],[11.943444671501478,65.14906077203244],[11.943381007613198,65.14906127026975],[11.943273692786011,65.14904417407749],[11.943188449305266,65.14904486092134],[11.94310413356253,65.14906343859008],[11.943019594438539,65.14908210146733],[11.942914616078621,65.14911884815153],[11.942830299911904,65.1491374256643],[11.942746677544529,65.14917406885792],[11.942640994278916,65.14919283921698],[11.942514648122406,65.14922977855548],[11.942430321005899,65.14924844543879],[11.942345791147172,65.14926701833288],[11.942282841000871,65.14928540263413],[11.942197596733859,65.14928608891134],[11.942112597894884,65.14929576103408],[11.942005518034978,65.14928773942654],[11.941941853590516,65.14928823705051],[11.941835242422425,65.1492891159608],[11.941727917376811,65.14927210826167],[11.941620858383319,65.1492639071838],[11.941557215965771,65.14927347579311],[11.941535614177504,65.14926459308502],[11.941493807098169,65.14928286952271],[11.941473601750701,65.14931002866852],[11.941410650906894,65.14932841260054],[11.941368843640848,65.14934668900246],[11.941304955777946,65.14934727160937],[11.941240885942612,65.14934758104981],[11.941176987750453,65.14934825320051],[11.941112641842063,65.14933984548694],[11.941047592886692,65.14931346161293],[11.941003943060108,65.14929586655514],[11.940852723860393,65.14925227726805],[11.940788143633801,65.14923479392425],[11.940681074770012,65.14922668177573],[11.94065878183084,65.14920898355444],[11.940593488731533,65.14917361359224],[11.940571664076883,65.14916481599982],[11.940548210666783,65.1491201513886],[11.940526599015355,65.1491113581353],[11.94046179607503,65.14909395990588],[11.940375391982556,65.14906767877585],[11.940289680305252,65.14905946332973],[11.940203979010917,65.1490511582367],[11.940097124018852,65.14904305002113],[11.940011880504208,65.14904373505932],[11.939926424042461,65.14904441570272],[11.9398618346078,65.14902702156273],[11.939797032314564,65.14900962304876],[11.939689262511797,65.14898353406183],[11.939560115961477,65.14895772710041],[11.939495069491976,65.1489313425628],[11.939430735472271,65.14892284453592],[11.939408911411078,65.14891404677665],[11.939365465943153,65.14889654519402],[11.939300674628486,65.14887905687003],[11.939235628610321,65.14885267222161],[11.939128806207082,65.14885354486825],[11.939043318897323,65.14884524346378],[11.938979899860184,65.14885472572979],[11.938916714794567,65.14887328346175],[11.938874459609183,65.1488824793243],[11.938810817148383,65.14889204676838],[11.938769221747926,65.14891032678968],[11.938769476380973,65.1489192230865],[11.915473684754202,65.16044506626682],[11.836197446483691,65.15792378223117],[11.801726980592104,65.16575196264682]]]],"crs":{"properties":{"name":"EPSG:4258"},"type":"name"},"type":"MultiPolygon"}}],"metadata":{"sources":["Statistics Sweden (SCB), CC0","Kartverket municipality API, CC BY 4.0"],"crs":"OGC:CRS84 (longitude, latitude)","simplificationMetres":160,"sourceSnapshot":"2026-09-12","researchBoundaryYearConfirmed":false,"warning":"Display geometry only; independently simplified borders can show small gaps. Not for boundary analysis.","additions":[{"id":"NO-5043","sourceUrl":"https://api.kartverket.no/kommuneinfo/v1/kommuner/5043/omrade","sha256":"47d59a33142fcdbe721c3326dd674cecb63bcbfd909608cd30fe98e57c7a1760","retrieved":"2026-10-09","method":"Official API GeoJSON retained without simplification; label point averages largest ring vertices."},{"id":"NO-5052","sourceUrl":"https://api.kartverket.no/kommuneinfo/v1/kommuner/5052/omrade","sha256":"117870a47cc4df63237b976dde5c936513a46557fd8323dc8568ea4787544458","retrieved":"2026-10-09","method":"Official API GeoJSON retained without simplification; label point averages largest ring vertices."}]}}
